name,fixture,minutes,opponent_team,round,total_points,value,was_home,GW
Aaron_Cresswell_376,8,90,11,1,0,50,TRUE,1
Aaron_Lennon_430,3,6,16,1,1,50,TRUE,1
Aaron_Mooy_516,7,0,18,1,0,50,FALSE,1
Aaron_Ramsdale_494,2,90,15,1,2,45,TRUE,1
Aaron_Wan-Bissaka_122,9,90,6,1,8,55,TRUE,1
Abdoulaye_Doucour√©_368,7,90,4,1,0,60,TRUE,1
Adama_Traor√©_417,5,0,9,1,0,50,FALSE,1
Adam_Lallana_195,1,0,14,1,0,60,TRUE,1
Adam_Masina_355,7,0,4,1,0,45,TRUE,1
Adam_Smith_63,2,90,15,1,1,45,TRUE,1
Adam_Webster_493,7,0,18,1,0,45,FALSE,1
Ademola_Lookman_155,4,0,7,1,0,50,FALSE,1
Adrian_Mariappa_356,7,0,4,1,0,45,TRUE,1
Adri√°n_San Miguel del Castillo_526,1,51,14,1,1,45,TRUE,1
Ahmed_El Mohamady_22,6,90,17,1,1,45,FALSE,1
Ainsley_Maitland-Niles_4,10,90,13,1,12,50,FALSE,1
Albian_Ajeti_514,8,0,11,1,0,60,TRUE,1
Alexander_Tettey_289,1,0,10,1,0,45,FALSE,1
Alexandre Nascimento_Costa Silva_387,8,0,11,1,0,45,TRUE,1
Alexandre_Lacazette_12,10,0,13,1,0,95,FALSE,1
Alexis_S√°nchez_240,9,0,6,1,0,70,TRUE,1
Alex_Iwobi_17,4,0,7,1,0,60,FALSE,1
Alex_McCarthy_318,3,0,5,1,0,45,FALSE,1
Alex_Oxlade-Chamberlain_193,1,0,14,1,0,65,TRUE,1
Alireza_Jahanbakhsh_50,7,0,18,1,0,60,FALSE,1
Alisson_Ramses Becker_189,1,38,14,1,1,60,TRUE,1
Allan_Saint-Maximin_500,10,23,1,1,1,55,TRUE,1
Andreas_Christensen_108,9,90,12,1,0,50,FALSE,1
Andreas_Pereira_246,9,73,6,1,6,50,TRUE,1
Andrew_Robertson_181,1,90,14,1,2,70,TRUE,1
Andrew_Surman_80,2,0,15,1,0,50,TRUE,1
Andre_Gray_364,7,74,4,1,2,60,TRUE,1
Andre_Green_32,6,0,17,1,0,50,FALSE,1
Andriy_Yarmolenko_392,8,0,11,1,0,60,TRUE,1
Andros_Townsend_135,4,90,8,1,3,60,TRUE,1
Andr√© Filipe_Tavares Gomes_422,4,45,7,1,1,55,FALSE,1
Andy_Carroll_520,10,0,1,1,0,55,TRUE,1
Andy_King_480,5,0,20,1,0,45,TRUE,1
Angelo_Ogbonna_377,8,0,11,1,0,45,TRUE,1
Angel_Gomes_245,9,0,6,1,0,50,TRUE,1
Angus_Gunn_319,3,90,5,1,1,45,FALSE,1
Anthony_Knockaert_52,7,0,18,1,0,55,FALSE,1
Anthony_Martial_239,9,90,6,1,7,75,TRUE,1
Antonio_R√ºdiger_104,9,0,12,1,0,60,FALSE,1
Anwar_El Ghazi_30,6,90,17,1,2,55,FALSE,1
Arnaut_Danjuma Groeneveld_492,2,0,15,1,0,60,TRUE,1
Arthur_Masuaku_378,8,0,11,1,0,45,TRUE,1
Artur_Boruc_73,2,0,15,1,0,45,TRUE,1
Ashley_Barnes_90,3,83,16,1,13,65,TRUE,1
Ashley_Westwood_101,3,90,16,1,3,55,TRUE,1
Ashley_Young_224,9,0,6,1,0,55,TRUE,1
Asmir_Begovic_72,2,0,15,1,0,45,TRUE,1
Axel_Tuanzebe_481,9,0,6,1,0,45,TRUE,1
Aymeric_Laporte_202,8,90,19,1,6,65,FALSE,1
Ayoze_P√©rez_265,5,75,20,1,3,65,TRUE,1
Bailey_Peacock-Farrell_495,3,0,16,1,0,45,TRUE,1
Bamidele_Alli_344,6,0,2,1,0,85,TRUE,1
Benjamin_Chilwell_161,5,90,20,1,6,55,TRUE,1
Benjamin_Mendy_204,8,0,19,1,0,60,FALSE,1
Ben_Davies_329,6,0,2,1,0,55,TRUE,1
Ben_Foster_366,7,90,4,1,1,50,TRUE,1
Ben_Gibson_89,3,0,16,1,0,40,TRUE,1
Ben_Godfrey_273,1,90,10,1,0,45,FALSE,1
Ben_Johnson_384,8,0,11,1,0,40,TRUE,1
Ben_Mee_83,3,90,16,1,6,50,TRUE,1
Ben_Osborn_472,2,0,3,1,0,50,FALSE,1
Beram_Kayal_56,7,0,18,1,0,45,FALSE,1
Bernardo Mota_Veiga de Carvalho e Silva_218,8,0,19,1,0,80,FALSE,1
Bernardo_Fernandes da Silva Junior_39,7,1,18,1,1,45,FALSE,1
Bernard_An√≠cio Caldeira Duarte_152,4,90,7,1,2,65,FALSE,1
Bernd_Leno_14,10,90,13,1,7,50,FALSE,1
Billy_Sharp_298,2,8,3,1,8,60,FALSE,1
Birkir_Bjarnason_33,6,0,17,1,0,45,FALSE,1
Bjorn_Engels_455,6,90,17,1,1,45,FALSE,1
Callum_Hudson-Odoi_116,9,0,12,1,0,60,FALSE,1
Callum_Robinson_453,2,90,3,1,2,55,FALSE,1
Callum_Slattery_327,3,0,5,1,0,45,FALSE,1
Callum_Wilson_67,2,89,15,1,5,80,TRUE,1
Calum_Chambers_467,10,90,13,1,6,45,FALSE,1
Carlos_S√°nchez_397,8,0,11,1,0,45,TRUE,1
Carl_Jenkinson_9,10,0,13,1,0,45,FALSE,1
Cenk_Tosun_146,4,0,7,1,0,60,FALSE,1
Charlie_Austin_312,3,0,5,1,0,60,FALSE,1
Charlie_Daniels_60,2,0,15,1,0,45,TRUE,1
Charlie_Taylor_87,3,0,16,1,0,45,TRUE,1
Cheikhou_Kouyat√©_139,4,0,8,1,0,50,TRUE,1
Che_Adams_437,3,72,5,1,2,60,FALSE,1
Christian_Atsu_267,10,0,1,1,0,55,TRUE,1
Christian_Benteke_129,4,82,8,1,2,60,TRUE,1
Christian_Eriksen_343,6,26,2,1,1,90,TRUE,1
Christian_Fuchs_163,5,0,20,1,0,45,TRUE,1
Christian_Kabasele_354,7,0,4,1,0,45,TRUE,1
Christian_Pulisic_431,9,32,12,1,1,75,FALSE,1
Christoph_Zimmermann_275,1,0,10,1,0,45,FALSE,1
Chris_Basham_423,2,81,3,1,2,45,FALSE,1
Chris_Mepham_61,2,90,15,1,10,45,TRUE,1
Chris_Smalling_223,9,0,6,1,0,55,TRUE,1
Chris_Wood_91,3,90,16,1,2,65,TRUE,1
Ciaran_Clark_259,10,0,1,1,0,45,TRUE,1
Claudio_Bravo_213,8,0,19,1,0,50,FALSE,1
Connor_Wickham_130,4,7,8,1,1,45,TRUE,1
Conor_Coady_403,5,90,9,1,6,50,FALSE,1
Conor_Hourihane_28,6,81,17,1,2,60,FALSE,1
Craig_Cathcart_358,7,90,4,1,1,45,TRUE,1
Craig_Dawson_439,7,90,4,1,1,50,TRUE,1
C√©dric_Soares_486,3,0,5,1,0,50,FALSE,1
C√©sar_Azpilicueta_105,9,90,12,1,0,60,FALSE,1
Dale_Stephens_57,7,90,18,1,3,45,FALSE,1
Daniel_Amartey_178,5,0,20,1,0,45,TRUE,1
Daniel_Ceballos Fern√°ndez_469,10,26,13,1,1,55,FALSE,1
Daniel_Drinkwater_120,3,0,16,1,0,45,TRUE,1
Daniel_James_243,9,16,6,1,6,60,TRUE,1
Danilo Luiz_da Silva_209,8,0,19,1,0,50,FALSE,1
Danny_Ings_313,3,65,5,1,2,60,FALSE,1
Danny_Rose_332,6,90,2,1,2,55,TRUE,1
Danny_Ward_170,5,0,20,1,0,45,TRUE,1
Danny_Welbeck_512,7,0,4,1,0,60,TRUE,1
Dan_Burn_475,7,90,18,1,6,45,FALSE,1
Dan_Gosling_81,2,0,15,1,0,50,TRUE,1
Daryl_Janmaat_359,7,0,4,1,0,45,TRUE,1
Davide_Zappacosta_109,9,0,12,1,0,45,FALSE,1
David_Brooks_76,2,0,15,1,0,65,TRUE,1
David_Button_48,7,0,18,1,0,40,FALSE,1
David_de Gea_235,9,90,6,1,10,55,TRUE,1
David_Luiz Moreira Marinho_106,10,0,13,1,0,60,FALSE,1
David_McGoldrick_303,2,62,3,1,2,55,FALSE,1
David_Silva_219,8,79,19,1,3,75,FALSE,1
Davinson_S√°nchez_333,6,90,2,1,2,55,TRUE,1
Davy_Pr√∂pper_54,7,90,18,1,6,50,FALSE,1
DeAndre_Yedlin_253,10,0,1,1,0,45,TRUE,1
Dean_Henderson_471,2,90,3,1,2,45,FALSE,1
Declan_Rice_395,8,90,11,1,2,50,TRUE,1
Dejan_Lovren_186,1,0,14,1,0,55,TRUE,1
Demarai_Gray_175,5,0,20,1,0,55,TRUE,1
Dennis_Praet_517,5,0,20,1,0,55,TRUE,1
Dennis_Srbeny_279,1,0,10,1,0,55,FALSE,1
Diego_Rico_65,2,90,15,1,2,40,TRUE,1
Diogo_Jota_410,5,75,9,1,2,65,FALSE,1
Divock_Origi_188,1,73,14,1,12,55,TRUE,1
Djibril_Sidib√©_511,4,0,7,1,0,55,FALSE,1
Domingos_Quina_375,7,0,4,1,0,45,TRUE,1
Dominic_Calvert-Lewin_147,4,68,7,1,2,60,FALSE,1
Dominic_Solanke_69,2,1,15,1,1,55,TRUE,1
Douglas Luiz_Soares de Paulo_470,6,8,17,1,1,45,FALSE,1
Dwight_McNeil_97,3,83,16,1,3,60,TRUE,1
Ederson_Santana de Moraes_212,8,90,19,1,7,60,FALSE,1
Edward_Nketiah_13,10,0,13,1,0,45,FALSE,1
Eldin_Jakupovic_169,5,0,20,1,0,45,TRUE,1
Emerson_Palmieri dos Santos_107,9,90,12,1,0,55,FALSE,1
Emiliano_Buend√≠a_283,1,90,10,1,4,60,FALSE,1
Emiliano_Mart√≠nez_427,10,0,13,1,0,45,FALSE,1
Emil_Krafth_519,10,0,1,1,0,45,TRUE,1
Enda_Stevens_291,2,90,3,1,2,50,FALSE,1
Eric_Bailly_228,9,0,6,1,0,50,TRUE,1
Eric_Dier_350,6,0,2,1,0,50,TRUE,1
Erik_Lamela_346,6,87,2,1,1,60,TRUE,1
Erik_Pieters_447,3,90,16,1,14,45,TRUE,1
Ethan_Ampadu_121,9,0,12,1,0,45,FALSE,1
Etienne_Capoue_373,7,90,4,1,2,50,TRUE,1
Ezri_Konsa Ngoyo_452,6,0,17,1,0,45,FALSE,1
Fabian_Delph_205,4,0,7,1,0,55,FALSE,1
Fabian_Sch√§r_252,10,90,1,1,2,50,TRUE,1
Fabio Henrique_Tavares_197,1,90,14,1,2,55,TRUE,1
Fabi√°n_Balbuena_382,8,90,11,1,-1,45,TRUE,1
Federico_Fern√°ndez_254,10,0,1,1,0,45,TRUE,1
Felipe Anderson_Pereira Gomes_390,8,65,11,1,1,70,TRUE,1
Fernando_Luiz Rosa_221,8,0,19,1,0,55,FALSE,1
Fikayo_Tomori_529,9,0,12,1,0,45,FALSE,1
Florian_Lejeune_257,10,0,1,1,0,45,TRUE,1
Florin_Andone_46,7,26,18,1,6,50,FALSE,1
Francisco_Femen√≠a Far_357,7,90,4,1,1,45,TRUE,1
Fraser_Forster_317,3,0,5,1,0,45,FALSE,1
Frederick_Woodman_264,10,0,1,1,0,40,TRUE,1
Frederico_Rodrigues de Paula Santos_244,9,0,6,1,0,55,TRUE,1
Fr√©d√©ric_Guilbert_458,6,0,17,1,0,45,FALSE,1
Gabriel Fernando_de Jesus_211,8,68,19,1,6,95,FALSE,1
Gabriel Teodoro_Martinelli Silva_504,10,6,13,1,1,45,FALSE,1
Gary_Cahill_503,4,0,8,1,0,45,TRUE,1
Ga√´tan_Bong_41,7,0,18,1,0,45,FALSE,1
Georges-K√©vin_Nkoudou_527,6,2,2,1,1,50,TRUE,1
George_Baldock_294,2,90,3,1,2,45,FALSE,1
Georginio_Wijnaldum_199,1,90,14,1,2,55,TRUE,1
Gerard_Deulofeu_363,7,45,4,1,1,65,TRUE,1
Giovani_Lo Celso_523,6,0,2,1,0,75,TRUE,1
Glenn_Murray_44,7,63,18,1,2,60,FALSE,1
Grady_Diangana_398,8,0,11,1,0,45,TRUE,1
Granit_Xhaka_18,10,90,13,1,2,55,FALSE,1
Grant_Hanley_277,1,90,10,1,-2,40,FALSE,1
Gylfi_Sigurdsson_151,4,78,7,1,3,80,FALSE,1
Hamza_Choudhury_180,5,60,20,1,3,45,TRUE,1
Harry_Kane_338,6,90,2,1,13,110,TRUE,1
Harry_Maguire_160,9,90,6,1,6,55,TRUE,1
Harry_Wilson_505,2,0,15,1,0,60,TRUE,1
Harry_Winks_347,6,63,2,1,2,55,TRUE,1
Harvey_Barnes_172,5,29,20,1,1,60,TRUE,1
Henrikh_Mkhitaryan_16,10,83,13,1,2,70,FALSE,1
Henri_Lansbury_35,6,0,17,1,0,45,FALSE,1
Heung-Min_Son_342,6,0,2,1,0,95,TRUE,1
Heurelho da Silva_Gomes_513,7,0,4,1,0,45,TRUE,1
Hugo_Lloris_340,6,90,2,1,3,55,TRUE,1
H√©ctor_Beller√≠n_2,10,0,13,1,0,55,FALSE,1
H√©lder_Costa_418,5,0,9,1,0,50,FALSE,1
Ibrahim_Amadou_507,1,0,10,1,0,45,FALSE,1
Idrissa_Gueye_156,4,0,7,1,0,50,FALSE,1
Ilkay_G√ºndogan_222,8,11,19,1,1,55,FALSE,1
Isaac_Hayden_271,10,90,1,1,2,45,TRUE,1
Isaac_Success Ajayi_365,7,15,4,1,1,50,TRUE,1
Isma√Øla_Sarr_525,7,0,4,1,0,65,TRUE,1
Issa_Diop_381,8,90,11,1,0,45,TRUE,1
Ivan_Cavaleiro_419,5,0,9,1,0,50,FALSE,1
Jack_Colback_482,10,0,1,1,0,45,TRUE,1
Jack_Cork_102,3,90,16,1,3,50,TRUE,1
Jack_Grealish_29,6,90,17,1,2,60,FALSE,1
Jack_O'Connell_293,2,90,3,1,2,45,FALSE,1
Jack_Simpson_66,2,0,15,1,0,40,TRUE,1
Jack_Stacey_446,2,0,15,1,0,45,TRUE,1
Jack_Stephens_308,3,72,5,1,1,45,FALSE,1
Jack_Wilshere_394,8,55,11,1,1,50,TRUE,1
Jacob_Murphy_483,10,0,1,1,0,50,TRUE,1
Jake_Eastwood_299,2,0,3,1,0,45,FALSE,1
Jamaal_Lascelles_258,10,90,1,1,2,45,TRUE,1
Jamal_Lewis_276,1,90,10,1,0,45,FALSE,1
James_Chester_23,6,0,17,1,0,45,FALSE,1
James_Garner_250,9,0,6,1,0,45,TRUE,1
James_Justin_433,5,0,20,1,0,50,TRUE,1
James_Maddison_171,5,90,20,1,3,70,TRUE,1
James_McArthur_138,4,90,8,1,3,55,TRUE,1
James_McCarthy_157,4,0,8,1,0,45,TRUE,1
James_Milner_200,1,4,14,1,1,55,TRUE,1
James_Tarkowski_84,3,90,16,1,6,50,TRUE,1
James_Tomkins_124,4,0,8,1,0,50,TRUE,1
James_Ward-Prowse_321,3,90,5,1,2,60,FALSE,1
Jamie_Vardy_166,5,90,20,1,2,90,TRUE,1
Jannik_Vestergaard_304,3,90,5,1,1,50,FALSE,1
Jan_Bednarek_307,3,90,5,1,1,45,FALSE,1
Jan_Vertonghen_330,6,0,2,1,0,55,TRUE,1
Javier_Hern√°ndez Balc√°zar_386,8,24,11,1,1,60,TRUE,1
Javier_Manquillo_256,10,90,1,1,2,45,TRUE,1
Jay_Rodriguez_451,3,6,16,1,1,60,TRUE,1
Jean-Philippe_Gbamin_497,4,45,7,1,1,50,FALSE,1
Jed_Steer_429,6,0,17,1,0,45,FALSE,1
Jefferson_Lerma_82,2,90,15,1,2,50,TRUE,1
Jeffrey_Schlupp_137,4,0,8,1,0,55,TRUE,1
Jeff_Hendrick_100,3,0,16,1,0,55,TRUE,1
Jesse_Lingard_241,9,85,6,1,2,65,TRUE,1
Jes√∫s_Vallejo L√°zaro_473,5,0,9,1,0,50,FALSE,1
Jetro_Willems_498,10,36,1,1,1,45,TRUE,1
Joelinton C√°ssio_Apolin√°rio de Lira_466,10,90,1,1,2,60,TRUE,1
Joel_Matip_185,1,0,14,1,0,55,TRUE,1
Joel_Ward_126,4,90,8,1,6,45,TRUE,1
Joe_Hart_95,3,0,16,1,0,45,TRUE,1
Johann Berg_Gudmundsson_96,3,90,16,1,9,60,TRUE,1
John_Egan_295,2,90,3,1,2,45,FALSE,1
John_Fleck_301,2,90,3,1,1,50,FALSE,1
John_Lundstram_297,2,77,3,1,3,40,FALSE,1
John_McGinn_31,6,90,17,1,7,55,FALSE,1
John_Ruddy_412,5,0,9,1,0,45,FALSE,1
John_Stones_207,8,90,19,1,6,55,FALSE,1
Jonas_L√∂ssl_479,4,0,7,1,0,45,FALSE,1
Jonathan_Castro Otto_402,5,90,9,1,5,55,FALSE,1
Jonathan_Kodjia_26,6,16,17,1,1,55,FALSE,1
Jonjo_Shelvey_269,10,53,1,1,1,50,TRUE,1
Jonny_Evans_162,5,90,20,1,7,50,TRUE,1
Jordan_Ayew_468,4,64,8,1,2,50,TRUE,1
Jordan_Henderson_198,1,90,14,1,2,55,TRUE,1
Jordan_Pickford_148,4,90,7,1,7,55,FALSE,1
Jordon_Ibe_78,2,0,15,1,0,50,TRUE,1
Jorge Luiz_Frello Filho_118,9,72,12,1,1,50,FALSE,1
Jose Luis_Mato Sanmart√≠n_261,10,0,1,1,0,50,TRUE,1
Joseph_Gomez_184,1,90,14,1,2,55,TRUE,1
Joseph_Willock_490,10,63,13,1,3,50,FALSE,1
Joshua_King_68,2,90,15,1,2,65,TRUE,1
Josip_Drmic_434,1,7,10,1,1,55,FALSE,1
Jos√© Diogo_Dalot Teixeira_229,9,0,6,1,0,50,TRUE,1
Jos√© Heriberto_Izquierdo Mena_51,7,0,18,1,0,55,FALSE,1
Jos√© Ignacio_Peleteiro Romallo_36,6,31,17,1,1,60,FALSE,1
Jos√© √Ångel_Esmor√≠s Tasende_440,8,0,19,1,0,50,FALSE,1
Jos√©_Holebas_353,7,90,4,1,1,50,TRUE,1
Jo√£o Filipe Iria_Santos Moutinho_415,5,90,9,1,3,55,FALSE,1
Jo√£o Pedro Cavaco_Cancelo_518,8,0,19,1,0,55,FALSE,1
Juan_Foyth_335,6,0,2,1,0,50,TRUE,1
Juan_Mata_242,9,4,6,1,1,65,TRUE,1
Junior_Stanislas_77,2,0,15,1,0,60,TRUE,1
J√ºrgen_Locadia_45,7,63,18,1,2,55,FALSE,1
Karl_Darlow_263,10,0,1,1,0,45,TRUE,1
Kasper_Schmeichel_168,5,90,20,1,6,50,TRUE,1
Kayne_Ramsay_311,3,0,5,1,0,40,FALSE,1
Keinan_Davis_34,6,0,17,1,0,45,FALSE,1
Kelechi_Iheanacho_167,5,0,20,1,0,60,TRUE,1
Kenny_McLean_286,1,90,10,1,2,50,FALSE,1
Ken_Sema_372,7,0,4,1,0,50,TRUE,1
Kepa_Arrizabalaga_111,9,90,12,1,0,55,FALSE,1
Kevin_De Bruyne_215,8,78,19,1,7,95,FALSE,1
Kevin_Long_88,3,0,16,1,0,45,TRUE,1
Kieran_Tierney_515,10,0,13,1,0,55,FALSE,1
Kieran_Trippier_334,6,0,2,1,0,55,TRUE,1
Kieron_Freeman_292,2,0,3,1,0,45,FALSE,1
Konstantinos_Mavropanos_8,10,0,13,1,0,45,FALSE,1
Kortney_Hause_25,6,0,17,1,0,45,FALSE,1
Kurt_Zouma_459,9,90,12,1,-1,50,FALSE,1
Kyle_Walker-Peters_337,6,90,2,1,2,50,TRUE,1
Kyle_Walker_203,8,90,19,1,8,60,FALSE,1
Laurent_Koscielny_7,10,0,13,1,0,50,FALSE,1
Leander_Dendoncker_420,5,90,9,1,3,45,FALSE,1
Leandro_Trossard_421,7,0,18,1,0,60,FALSE,1
Lee_Grant_237,9,0,6,1,0,50,TRUE,1
Leighton_Baines_145,4,0,7,1,0,50,FALSE,1
Leon_Balogun_40,7,0,18,1,0,45,FALSE,1
Leroy_San√©_216,8,0,19,1,0,95,FALSE,1
Lewis_Cook_79,2,0,15,1,0,50,TRUE,1
Lewis_Dunk_42,7,90,18,1,11,45,FALSE,1
Lewis_Gibson_477,4,0,7,1,0,45,FALSE,1
Lloyd_Kelly_64,2,0,15,1,0,45,TRUE,1
Lovre_Kalinic_474,6,0,17,1,0,45,FALSE,1
Lucas_Digne_141,4,90,7,1,6,60,FALSE,1
Lucas_Rodrigues Moura da Silva_345,6,90,2,1,5,75,TRUE,1
Lucas_Torreira_19,10,0,13,1,0,50,FALSE,1
Lukasz_Fabianski_388,8,90,11,1,1,50,TRUE,1
Luka_Milivojevic_134,4,90,8,1,2,70,TRUE,1
Luke_Amos_351,6,0,2,1,0,45,TRUE,1
Luke_Dreher_140,4,0,8,1,0,45,TRUE,1
Luke_Freeman_441,2,12,3,1,1,55,FALSE,1
Luke_Shaw_226,9,90,6,1,6,55,TRUE,1
Lys_Mousset_70,2,0,3,1,0,50,FALSE,1
Maarten_Stekelenburg_149,4,0,7,1,0,40,FALSE,1
Mahmoud Ahmed_Ibrahim Hassan_465,6,58,17,1,1,55,FALSE,1
Mamadou_Sakho_125,4,0,8,1,0,50,TRUE,1
Manuel_Lanzini_391,8,90,11,1,2,65,TRUE,1
Marcos_Alonso_103,9,0,12,1,0,65,FALSE,1
Marcos_Rojo_227,9,0,6,1,0,50,TRUE,1
Marco_Stiepermann_285,1,57,10,1,1,55,FALSE,1
Marcus_Rashford_233,9,85,6,1,13,85,TRUE,1
Marc_Albrighton_174,5,14,20,1,1,55,TRUE,1
Marc_Navarro_360,7,0,4,1,0,40,TRUE,1
Mario_Lemina_324,3,0,5,1,0,50,FALSE,1
Mario_Vrancic_282,1,0,10,1,0,65,FALSE,1
Marko_Arnautovic_385,8,0,11,1,0,70,TRUE,1
Mark_Duffy_300,2,0,3,1,0,55,FALSE,1
Mark_Noble_396,8,0,11,1,0,50,TRUE,1
Mark_Travers_74,2,0,15,1,0,45,TRUE,1
Martin_Dubravka_262,10,90,1,1,2,50,TRUE,1
Martin_Kelly_128,4,90,8,1,6,40,TRUE,1
Mart√≠n_Montoya_38,7,90,18,1,6,45,FALSE,1
Marvelous_Nakamba_491,6,0,17,1,0,45,FALSE,1
Mason_Greenwood_234,9,4,6,1,1,45,TRUE,1
Mason_Holgate_478,4,0,7,1,0,45,FALSE,1
Mason_Mount_463,9,90,12,1,2,60,FALSE,1
Matej_Vydra_92,3,0,16,1,0,55,TRUE,1
Mateo_Kovacic_432,9,90,12,1,2,55,FALSE,1
Mathew_Ryan_47,7,90,18,1,9,45,FALSE,1
Matteo_Darmian_230,9,0,6,1,0,50,TRUE,1
Matteo_Guendouzi_21,10,90,13,1,3,45,FALSE,1
Matthew_Clarke_43,7,0,18,1,0,45,FALSE,1
Matthew_Lowton_85,3,90,16,1,6,45,TRUE,1
Matty_James_177,5,0,20,1,0,45,TRUE,1
Matt_Doherty_401,5,90,9,1,6,60,FALSE,1
Matt_Ritchie_251,10,90,1,1,2,55,TRUE,1
Matt_Targett_309,6,0,17,1,0,45,FALSE,1
Maximillian_Aarons_274,1,90,10,1,0,45,FALSE,1
Max_Kilman_408,5,0,9,1,0,40,FALSE,1
Max_Meyer_136,4,90,8,1,2,55,TRUE,1
Maya_Yoshida_310,3,0,5,1,0,45,FALSE,1
Mesut_√ñzil_15,10,0,13,1,0,75,FALSE,1
Michael_Keane_143,4,90,7,1,8,55,FALSE,1
Michael_McGovern_281,1,0,10,1,0,40,FALSE,1
Michael_Obafemi_314,3,24,5,1,1,50,FALSE,1
Michael_Verrips_521,2,0,3,1,0,45,FALSE,1
Michail_Antonio_389,8,45,11,1,1,70,TRUE,1
Michy_Batshuayi_461,9,0,12,1,0,70,FALSE,1
Miguel_Almir√≥n_266,10,90,1,1,1,60,TRUE,1
Mohamed_Elneny_20,10,0,13,1,0,45,FALSE,1
Mohamed_Elyounoussi_322,3,0,5,1,0,55,FALSE,1
Mohamed_Salah_191,1,90,14,1,12,125,TRUE,1
Moise_Kean_496,4,21,7,1,1,70,FALSE,1
Morgan_Gibbs-White_416,5,0,9,1,0,50,FALSE,1
Morgan_Schneiderlin_158,4,75,7,1,0,45,FALSE,1
Moritz_Leitner_288,1,32,10,1,0,45,FALSE,1
Moussa_Djenepo_438,3,0,5,1,0,55,FALSE,1
Moussa_Sissoko_349,6,90,2,1,5,50,TRUE,1
Muhamed_Be≈°iƒá_522,2,0,3,1,0,45,FALSE,1
N'Golo_Kant√©_119,9,17,12,1,0,50,FALSE,1
Naby_Keita_196,1,0,14,1,0,60,TRUE,1
Nacho_Monreal_6,10,90,13,1,7,50,FALSE,1
Nampalys_Mendy_179,5,0,20,1,0,45,TRUE,1
Nathaniel_Chalobah_374,7,0,4,1,0,45,TRUE,1
Nathan_Ak√©_59,2,90,15,1,2,50,TRUE,1
Nathan_Redmond_320,3,90,5,1,2,65,FALSE,1
Neal_Maupay_502,7,26,18,1,6,60,FALSE,1
Neil_Taylor_24,6,90,17,1,1,45,FALSE,1
Nemanja_Matic_247,9,0,6,1,0,50,TRUE,1
Nick_Pope_93,3,90,16,1,8,45,TRUE,1
Nicolas_P√©p√©_488,10,19,13,1,1,95,FALSE,1
Nicol√°s_Otamendi_208,8,0,19,1,0,55,FALSE,1
Oleksandr_Zinchenko_206,8,90,19,1,6,55,FALSE,1
Oliver_McBurnie_501,2,27,3,1,1,60,FALSE,1
Oliver_Norwood_302,2,90,3,1,2,50,FALSE,1
Oliver_Skipp_352,6,1,2,1,1,45,TRUE,1
Olivier_Giroud_110,9,24,12,1,1,70,FALSE,1
Onel_Hern√°ndez_284,1,20,10,1,1,55,FALSE,1
Oriol_Romeu Vidal_328,3,90,5,1,2,45,FALSE,1
Pablo_Fornals_399,8,45,11,1,1,65,TRUE,1
Pablo_Zabaleta_379,8,0,11,1,0,45,TRUE,1
Pascal_Gro√ü_49,7,90,18,1,6,65,FALSE,1
Patrick_Cutrone_487,5,14,9,1,1,60,FALSE,1
Patrick_Roberts_435,1,0,10,1,0,55,FALSE,1
Patrick_van Aanholt_123,4,90,8,1,6,55,TRUE,1
Paulo_Gazzaniga_341,6,0,2,1,0,45,TRUE,1
Paul_Dummett_255,10,90,1,1,2,45,TRUE,1
Paul_Pogba_238,9,90,6,1,9,85,TRUE,1
Pedro_Lomba Neto_528,5,0,9,1,0,50,FALSE,1
Pedro_Obiang_400,8,0,11,1,0,45,TRUE,1
Pedro_Rodr√≠guez Ledesma_114,9,90,12,1,2,70,FALSE,1
Philip_Billing_476,2,90,15,1,2,50,TRUE,1
Philip_Heise_484,1,0,10,1,0,40,FALSE,1
Phil_Bardsley_86,3,0,16,1,0,45,TRUE,1
Phil_Foden_220,8,10,19,1,1,55,FALSE,1
Phil_Jagielka_444,2,0,3,1,0,45,FALSE,1
Phil_Jones_231,9,0,6,1,0,50,TRUE,1
Pierre-Emerick_Aubameyang_11,10,90,13,1,6,110,FALSE,1
Pierre-Emile_H√∏jbjerg_325,3,17,5,1,1,50,FALSE,1
Pontus_Dahlberg_367,7,0,4,1,0,45,TRUE,1
Rachid_Ghezzal_173,5,0,20,1,0,55,TRUE,1
Rafael_Camacho_201,1,0,14,1,0,45,TRUE,1
Raheem_Sterling_214,8,90,19,1,20,120,FALSE,1
Ralf_Fahrmann_449,1,0,10,1,0,45,FALSE,1
Ravel_Morrison_456,2,0,3,1,0,50,FALSE,1
Ra√∫l_Jim√©nez_409,5,90,9,1,2,75,FALSE,1
Reece_James_506,9,0,12,1,0,50,FALSE,1
Reiss_Nelson_489,10,70,13,1,2,55,FALSE,1
Rhian_Brewster_464,1,0,14,1,0,45,TRUE,1
Ricardo Domingos_Barbosa Pereira_159,5,90,20,1,9,60,TRUE,1
Richard_Stearman_296,2,0,3,1,0,40,FALSE,1
Richarlison_de Andrade_150,4,90,7,1,3,80,FALSE,1
Riyad_Mahrez_217,8,90,19,1,14,85,FALSE,1
Robbie_Brady_98,3,0,16,1,0,55,TRUE,1
Robert Kenedy_Nunes do Nascimento_462,9,0,12,1,0,55,FALSE,1
Roberto_Firmino_187,1,85,14,1,5,95,TRUE,1
Roberto_Jimenez Gago_450,8,0,11,1,0,45,TRUE,1
Roberto_Pereyra_369,7,45,4,1,1,60,TRUE,1
Robert_Snodgrass_393,8,34,11,1,1,55,TRUE,1
Rob_Holding_10,10,0,13,1,0,45,FALSE,1
Rodrigo_Hernandez_443,8,90,19,1,3,55,FALSE,1
Rolando_Aarons_499,10,0,1,1,0,50,TRUE,1
Romain_Sa√Øss_407,5,9,9,1,1,45,FALSE,1
Romelu_Lukaku_232,9,0,6,1,0,85,TRUE,1
Ross_Barkley_117,9,57,12,1,1,60,FALSE,1
Ruben_Loftus-Cheek_115,9,0,12,1,0,65,FALSE,1
Rui Pedro_dos Santos Patr√≠cio_411,5,90,9,1,6,50,FALSE,1
Ryan_Bennett_404,5,90,9,1,6,50,FALSE,1
Ryan_Bertrand_305,3,90,5,1,1,50,FALSE,1
Ryan_Fraser_75,2,90,15,1,1,75,TRUE,1
Ryan_Fredericks_380,8,90,11,1,0,45,TRUE,1
Ryan_Sessegnon_524,6,0,2,1,0,55,TRUE,1
R√∫ben Diogo_da Silva Neves_414,5,80,9,1,2,55,FALSE,1
R√∫ben Gon√ßalo_Silva Nascimento Vinagre_406,5,0,9,1,0,45,FALSE,1
Sadio_Man√©_192,1,16,14,1,1,115,TRUE,1
Sam_Byram_454,1,0,10,1,0,45,FALSE,1
Sam_Gallagher_316,3,0,5,1,0,45,FALSE,1
Sam_Surridge_71,2,0,15,1,0,45,TRUE,1
Scott_Dann_127,4,90,8,1,6,45,TRUE,1
Scott_McTominay_248,9,90,6,1,3,50,TRUE,1
Sead_Kolasinac_3,10,0,13,1,0,55,FALSE,1
Seamus_Coleman_144,4,90,7,1,6,55,FALSE,1
Sean_Longstaff_270,10,66,1,1,2,50,TRUE,1
Sebastian_Pr√∂dl_361,7,0,4,1,0,40,TRUE,1
Serge_Aurier_336,6,0,2,1,0,50,TRUE,1
Sergio_Ag√ºero_210,8,21,19,1,5,120,FALSE,1
Sergio_Romero_236,9,0,6,1,0,50,TRUE,1
Shane_Duffy_37,7,90,18,1,6,50,FALSE,1
Shane_Long_315,3,0,5,1,0,50,FALSE,1
Shkodran_Mustafi_1,10,0,13,1,0,55,FALSE,1
Simon_Francis_62,2,0,15,1,0,45,TRUE,1
Simon_Mignolet_190,1,0,14,1,0,45,TRUE,1
Simon_Moore_436,2,0,3,1,0,45,FALSE,1
Sofiane_Boufal_508,3,17,5,1,1,55,FALSE,1
Sokratis_Papastathopoulos_5,10,90,13,1,8,50,FALSE,1
Solomon_March_55,7,90,18,1,3,50,FALSE,1
Steven_Defour_99,3,0,16,1,0,55,TRUE,1
Steve_Cook_58,2,90,15,1,2,50,TRUE,1
Stuart_Armstrong_323,3,0,5,1,0,55,FALSE,1
Sung-yueng_Ki_268,10,0,1,1,0,50,TRUE,1
S√©bastien_Haller_457,8,90,11,1,2,75,TRUE,1
Tahith_Chong_249,9,0,6,1,0,45,TRUE,1
Tammy_Abraham_460,9,65,12,1,1,70,FALSE,1
Tanguy_Ndombele_442,6,90,2,1,8,60,TRUE,1
Teemu_Pukki_278,1,82,10,1,7,65,FALSE,1
Theo_Walcott_153,4,0,7,1,0,65,FALSE,1
Timm_Klose_272,1,0,10,1,0,45,FALSE,1
Tim_Krul_280,1,90,10,1,1,45,FALSE,1
Toby_Alderweireld_331,6,90,2,1,2,55,TRUE,1
Todd_Cantwell_287,1,90,10,1,2,45,FALSE,1
Tom_Cleverley_371,7,0,4,1,0,50,TRUE,1
Tom_Davies_154,4,11,7,1,1,55,FALSE,1
Tom_Heaton_94,6,90,17,1,2,45,FALSE,1
Tom_Trybull_290,1,69,10,1,2,45,FALSE,1
Trent_Alexander-Arnold_182,1,90,14,1,5,70,TRUE,1
Troy_Deeney_362,7,90,4,1,2,65,TRUE,1
Troy_Parrott_509,6,0,2,1,0,45,TRUE,1
Tyreke_Johnson_326,3,0,5,1,0,45,FALSE,1
Tyrone_Mings_445,6,90,17,1,6,45,FALSE,1
Vicente_Guaita_131,4,90,8,1,6,50,TRUE,1
Victor_Lindel√∂f_225,9,90,6,1,5,55,TRUE,1
Victor_Wanyama_348,6,0,2,1,0,50,TRUE,1
Vincent_Janssen_339,6,0,2,1,0,45,TRUE,1
Virgil_van Dijk_183,1,90,14,1,8,65,TRUE,1
V√≠ctor_Camarasa_510,4,0,8,1,0,50,TRUE,1
Wayne_Hennessey_132,4,0,8,1,0,45,TRUE,1
Wesley_Hoedt_485,3,0,5,1,0,45,FALSE,1
Wesley_Moraes_428,6,73,17,1,2,60,FALSE,1
Wes_Morgan_165,5,0,20,1,0,45,TRUE,1
Wilfred_Ndidi_176,5,90,20,1,3,50,TRUE,1
Wilfried_Zaha_133,4,25,8,1,1,70,TRUE,1
Willian_Borges Da Silva_113,9,0,12,1,0,70,FALSE,1
Willy_Boly_405,5,90,9,1,9,50,FALSE,1
Willy_Caballero_112,9,0,12,1,0,50,FALSE,1
Will_Hughes_370,7,90,4,1,2,55,TRUE,1
Will_Norris_413,5,0,9,1,0,40,FALSE,1
Winston_Reid_383,8,0,11,1,0,40,TRUE,1
Xherdan_Shaqiri_194,1,0,14,1,0,65,TRUE,1
Yan_Valery_306,3,90,5,1,1,50,FALSE,1
Yerry_Mina_142,4,90,7,1,9,55,FALSE,1
Yoshinori_Muto_260,10,0,1,1,0,55,TRUE,1
Youri_Tielemans_448,5,90,20,1,3,65,TRUE,1
Yves_Bissouma_53,7,0,18,1,0,50,FALSE,1
√áaglar_S√∂y√ºnc√º_164,5,90,20,1,6,45,TRUE,1
√òrjan_Nyland_27,6,0,17,1,0,45,FALSE,1
Aaron_Cresswell_376,13,0,4,2,0,50,FALSE,2
Aaron_Lennon_430,11,18,1,2,1,50,FALSE,2
Aaron_Mooy_516,13,5,19,2,1,50,TRUE,2
Aaron_Ramsdale_494,12,90,2,2,4,45,FALSE,2
Aaron_Wan-Bissaka_122,20,90,20,2,1,55,FALSE,2
Abdoulaye_Doucour√©_368,15,90,8,2,2,60,FALSE,2
Adama_Traor√©_417,20,45,12,2,1,50,TRUE,2
Adam_Lallana_195,19,0,16,2,0,60,FALSE,2
Adam_Masina_355,15,0,8,2,0,45,FALSE,2
Adam_Smith_63,12,90,2,2,2,45,FALSE,2
Adam_Webster_493,13,0,19,2,0,45,TRUE,2
Ademola_Lookman_155,15,0,18,2,0,50,TRUE,2
Adrian_Mariappa_356,15,0,8,2,0,45,FALSE,2
Adri√°n_San Miguel del Castillo_526,19,90,16,2,3,45,FALSE,2
Ahmed_El Mohamady_22,12,90,3,2,4,45,TRUE,2
Ainsley_Maitland-Niles_4,11,90,5,2,2,50,TRUE,2
Albian_Ajeti_514,13,0,4,2,0,60,FALSE,2
Alexander_Tettey_289,17,3,13,2,1,45,TRUE,2
Alexandre Nascimento_Costa Silva_387,13,0,4,2,0,45,FALSE,2
Alexandre_Lacazette_12,11,70,5,2,8,95,TRUE,2
Alexis_S√°nchez_240,20,0,20,2,0,70,FALSE,2
Alex_Iwobi_17,15,0,18,2,0,60,TRUE,2
Alex_McCarthy_318,19,0,10,2,0,45,TRUE,2
Alex_Oxlade-Chamberlain_193,19,88,16,2,2,65,FALSE,2
Alireza_Jahanbakhsh_50,13,0,19,2,0,60,TRUE,2
Alisson_Ramses Becker_189,19,0,16,2,0,59,FALSE,2
Allan_Saint-Maximin_500,17,0,14,2,0,55,FALSE,2
Andreas_Christensen_108,14,90,9,2,2,50,TRUE,2
Andreas_Pereira_246,20,1,20,2,1,50,FALSE,2
Andrew_Robertson_181,19,90,16,2,2,70,FALSE,2
Andrew_Surman_80,12,45,2,2,1,50,FALSE,2
Andre_Gray_364,15,7,8,2,1,60,FALSE,2
Andre_Green_32,12,0,3,2,0,50,TRUE,2
Andriy_Yarmolenko_392,13,13,4,2,1,60,FALSE,2
Andros_Townsend_135,18,69,15,2,2,60,FALSE,2
Andr√© Filipe_Tavares Gomes_422,15,90,18,2,2,55,TRUE,2
Andy_Carroll_520,17,0,14,2,0,55,FALSE,2
Andy_King_480,14,0,6,2,0,45,FALSE,2
Andy_Lonergan_530,19,0,16,2,0,45,FALSE,2
Angelo_Ogbonna_377,13,90,4,2,2,45,FALSE,2
Angel_Gomes_245,20,0,20,2,0,50,FALSE,2
Angus_Gunn_319,19,90,10,2,2,45,TRUE,2
Anthony_Knockaert_52,13,0,19,2,0,55,TRUE,2
Anthony_Martial_239,20,90,20,2,7,76,FALSE,2
Antonio_R√ºdiger_104,14,0,9,2,0,60,TRUE,2
Anwar_El Ghazi_30,12,74,3,2,2,55,TRUE,2
Arnaut_Danjuma Groeneveld_492,12,0,2,2,0,60,FALSE,2
Arthur_Masuaku_378,13,90,4,2,1,45,FALSE,2
Artur_Boruc_73,12,0,2,2,0,45,FALSE,2
Ashley_Barnes_90,11,90,1,2,5,65,FALSE,2
Ashley_Westwood_101,11,90,1,2,2,55,FALSE,2
Ashley_Young_224,20,0,20,2,0,55,FALSE,2
Asmir_Begovic_72,12,0,2,2,0,45,FALSE,2
Axel_Tuanzebe_481,20,0,20,2,0,45,FALSE,2
Aymeric_Laporte_202,16,90,17,2,1,65,TRUE,2
Ayoze_P√©rez_265,14,79,6,2,2,65,FALSE,2
Bailey_Peacock-Farrell_495,11,0,1,2,0,45,FALSE,2
Bamidele_Alli_344,16,0,11,2,0,85,FALSE,2
Benjamin_Chilwell_161,14,0,6,2,0,55,FALSE,2
Benjamin_Mendy_204,16,0,17,2,0,60,TRUE,2
Ben_Davies_329,16,0,11,2,0,55,FALSE,2
Ben_Foster_366,15,90,8,2,2,50,FALSE,2
Ben_Gibson_89,11,0,1,2,0,40,FALSE,2
Ben_Godfrey_273,17,90,13,2,2,45,TRUE,2
Ben_Johnson_384,13,0,4,2,0,40,FALSE,2
Ben_Mee_83,11,90,1,2,1,50,FALSE,2
Ben_Osborn_472,18,0,7,2,0,50,TRUE,2
Beram_Kayal_56,13,0,19,2,0,45,TRUE,2
Bernardo Mota_Veiga de Carvalho e Silva_218,16,79,17,2,2,80,TRUE,2
Bernardo_Fernandes da Silva Junior_39,13,0,19,2,0,45,TRUE,2
Bernard_An√≠cio Caldeira Duarte_152,15,90,18,2,11,65,TRUE,2
Bernd_Leno_14,11,90,5,2,3,50,TRUE,2
Billy_Sharp_298,18,0,7,2,0,60,TRUE,2
Birkir_Bjarnason_33,12,0,3,2,0,45,TRUE,2
Bjorn_Engels_455,12,90,3,2,1,45,TRUE,2
Callum_Hudson-Odoi_116,14,0,9,2,0,60,TRUE,2
Callum_Robinson_453,18,55,7,2,1,55,TRUE,2
Callum_Slattery_327,19,0,10,2,0,45,TRUE,2
Callum_Wilson_67,12,90,2,2,5,80,FALSE,2
Calum_Chambers_467,11,0,5,2,0,45,TRUE,2
Caoimhin_Kelleher_531,19,0,16,2,0,45,FALSE,2
Carlos_S√°nchez_397,13,7,4,2,1,45,FALSE,2
Carl_Jenkinson_9,11,0,5,2,0,45,TRUE,2
Cenk_Tosun_146,15,0,18,2,0,60,TRUE,2
Charlie_Austin_312,19,0,10,2,0,60,TRUE,2
Charlie_Daniels_60,12,90,2,2,2,45,FALSE,2
Charlie_Taylor_87,11,0,1,2,0,45,FALSE,2
Cheikhou_Kouyat√©_139,18,0,15,2,0,50,FALSE,2
Che_Adams_437,19,67,10,2,2,60,TRUE,2
Christian_Atsu_267,17,0,14,2,0,55,FALSE,2
Christian_Benteke_129,18,90,15,2,2,60,FALSE,2
Christian_Eriksen_343,16,90,11,2,2,90,FALSE,2
Christian_Fuchs_163,14,90,6,2,2,45,FALSE,2
Christian_Kabasele_354,15,0,8,2,0,45,FALSE,2
Christian_Pulisic_431,14,70,9,2,2,75,TRUE,2
Christoph_Zimmermann_275,17,0,13,2,0,45,TRUE,2
Chris_Basham_423,18,90,7,2,6,45,TRUE,2
Chris_Mepham_61,12,0,2,2,0,45,FALSE,2
Chris_Smalling_223,20,0,20,2,0,55,FALSE,2
Chris_Wood_91,11,60,1,2,2,65,FALSE,2
Ciaran_Clark_259,17,0,14,2,0,45,FALSE,2
Claudio_Bravo_213,16,0,17,2,0,50,TRUE,2
Connor_Wickham_130,18,8,15,2,1,45,FALSE,2
Conor_Coady_403,20,90,12,2,2,50,TRUE,2
Conor_Hourihane_28,12,0,3,2,0,60,TRUE,2
Craig_Cathcart_358,15,90,8,2,2,45,FALSE,2
Craig_Dawson_439,15,90,8,2,2,50,FALSE,2
C√©dric_Soares_486,19,0,10,2,0,50,TRUE,2
C√©sar_Azpilicueta_105,14,90,9,2,2,60,TRUE,2
Dale_Stephens_57,13,90,19,2,2,45,TRUE,2
Daniel_Amartey_178,14,0,6,2,0,45,FALSE,2
Daniel_Ceballos Fern√°ndez_469,11,82,5,2,11,55,TRUE,2
Daniel_Drinkwater_120,11,0,1,2,0,45,FALSE,2
Daniel_James_243,20,88,20,2,1,60,FALSE,2
Danilo Luiz_da Silva_209,16,0,17,2,0,50,TRUE,2
Danny_Ings_313,19,26,10,2,6,60,TRUE,2
Danny_Rose_332,16,90,11,2,1,55,FALSE,2
Danny_Ward_170,14,0,6,2,0,45,FALSE,2
Danny_Welbeck_512,15,23,8,2,1,60,FALSE,2
Dan_Burn_475,13,90,19,2,2,45,TRUE,2
Dan_Gosling_81,12,0,2,2,0,50,FALSE,2
Daryl_Janmaat_359,15,0,8,2,0,45,FALSE,2
Davide_Zappacosta_109,14,0,9,2,0,45,TRUE,2
David_Brooks_76,12,0,2,2,0,65,FALSE,2
David_Button_48,13,0,19,2,0,40,TRUE,2
David_de Gea_235,20,90,20,2,2,56,FALSE,2
David_Luiz Moreira Marinho_106,11,90,5,2,1,60,TRUE,2
David_McGoldrick_303,18,88,7,2,2,55,TRUE,2
David_Silva_219,16,12,17,2,1,75,TRUE,2
Davinson_S√°nchez_333,16,90,11,2,1,55,FALSE,2
Davy_Pr√∂pper_54,13,90,19,2,2,50,TRUE,2
DeAndre_Yedlin_253,17,0,14,2,0,45,FALSE,2
Dean_Henderson_471,18,90,7,2,9,45,TRUE,2
Declan_Rice_395,13,90,4,2,1,50,FALSE,2
Dejan_Lovren_186,19,0,16,2,0,55,FALSE,2
Demarai_Gray_175,14,0,6,2,0,55,FALSE,2
Dennis_Praet_517,14,17,6,2,1,55,FALSE,2
Dennis_Srbeny_279,17,0,13,2,0,55,TRUE,2
Diego_Rico_65,12,0,2,2,0,40,FALSE,2
Diogo_Jota_410,20,85,12,2,2,65,TRUE,2
Divock_Origi_188,19,11,16,2,1,56,FALSE,2
Djibril_Sidib√©_511,15,0,18,2,0,55,TRUE,2
Domingos_Quina_375,15,0,8,2,0,45,FALSE,2
Dominic_Calvert-Lewin_147,15,71,18,2,2,60,TRUE,2
Dominic_Solanke_69,12,14,2,2,1,55,FALSE,2
Douglas Luiz_Soares de Paulo_470,12,90,3,2,9,45,TRUE,2
Dwight_McNeil_97,11,90,1,2,5,60,FALSE,2
Ederson_Santana de Moraes_212,16,90,17,2,1,61,TRUE,2
Edward_Nketiah_13,11,0,5,2,0,45,TRUE,2
Eldin_Jakupovic_169,14,0,6,2,0,45,FALSE,2
Emerson_Palmieri dos Santos_107,14,90,9,2,2,55,TRUE,2
Emiliano_Buend√≠a_283,17,90,13,2,2,60,TRUE,2
Emiliano_Mart√≠nez_427,11,0,5,2,0,45,TRUE,2
Emil_Krafth_519,17,90,14,2,1,45,FALSE,2
Enda_Stevens_291,18,90,7,2,7,50,TRUE,2
Eric_Bailly_228,20,0,20,2,0,50,FALSE,2
Eric_Dier_350,16,0,11,2,0,50,FALSE,2
Erik_Lamela_346,16,84,11,2,12,60,FALSE,2
Erik_Pieters_447,11,90,1,2,1,45,FALSE,2
Ethan_Ampadu_121,14,0,9,2,0,45,TRUE,2
Etienne_Capoue_373,15,82,8,2,1,50,FALSE,2
Ezri_Konsa Ngoyo_452,12,0,3,2,0,45,TRUE,2
Fabian_Delph_205,15,0,18,2,0,55,TRUE,2
Fabian_Sch√§r_252,17,90,14,2,1,50,FALSE,2
Fabio Henrique_Tavares_197,19,16,16,2,1,55,FALSE,2
Fabi√°n_Balbuena_382,13,0,4,2,0,45,FALSE,2
Federico_Fern√°ndez_254,17,0,14,2,0,45,FALSE,2
Felipe Anderson_Pereira Gomes_390,13,0,4,2,0,70,FALSE,2
Fernando_Luiz Rosa_221,16,0,17,2,0,54,TRUE,2
Fikayo_Tomori_529,14,0,9,2,0,45,TRUE,2
Florian_Lejeune_257,17,0,14,2,0,45,FALSE,2
Florin_Andone_46,13,16,19,2,1,50,TRUE,2
Francisco_Femen√≠a Far_357,15,90,8,2,2,45,FALSE,2
Fraser_Forster_317,19,0,10,2,0,45,TRUE,2
Frederick_Woodman_264,17,0,14,2,0,40,FALSE,2
Frederico_Rodrigues de Paula Santos_244,20,0,20,2,0,55,FALSE,2
Fr√©d√©ric_Guilbert_458,12,0,3,2,0,45,TRUE,2
Gabriel Fernando_de Jesus_211,16,24,17,2,1,95,TRUE,2
Gabriel Teodoro_Martinelli Silva_504,11,0,5,2,0,45,TRUE,2
Gary_Cahill_503,18,0,15,2,0,45,FALSE,2
Ga√´tan_Bong_41,13,0,19,2,0,45,TRUE,2
Georges-K√©vin_Nkoudou_527,16,0,11,2,0,50,FALSE,2
George_Baldock_294,18,90,7,2,5,45,TRUE,2
Georginio_Wijnaldum_199,19,90,16,2,2,55,FALSE,2
Gerard_Deulofeu_363,15,78,8,2,2,65,FALSE,2
Giovani_Lo Celso_523,16,5,11,2,1,75,FALSE,2
Glenn_Murray_44,13,73,19,2,2,60,TRUE,2
Grady_Diangana_398,13,0,4,2,0,45,FALSE,2
Granit_Xhaka_18,11,0,5,2,0,55,TRUE,2
Grant_Hanley_277,17,90,13,2,2,40,TRUE,2
Gylfi_Sigurdsson_151,15,90,18,2,3,80,TRUE,2
Hamza_Choudhury_180,14,72,6,2,2,45,FALSE,2
Harry_Kane_338,16,90,11,2,2,110,FALSE,2
Harry_Maguire_160,20,90,20,2,2,55,FALSE,2
Harry_Wilson_505,12,75,2,2,8,60,FALSE,2
Harry_Winks_347,16,55,11,2,1,55,FALSE,2
Harvey_Barnes_172,14,0,6,2,0,60,FALSE,2
Henrikh_Mkhitaryan_16,11,0,5,2,0,70,TRUE,2
Henri_Lansbury_35,12,0,3,2,0,45,TRUE,2
Heung-Min_Son_342,16,0,11,2,0,95,FALSE,2
Heurelho da Silva_Gomes_513,15,0,8,2,0,45,FALSE,2
Hugo_Lloris_340,16,90,11,2,3,55,FALSE,2
H√©ctor_Beller√≠n_2,11,0,5,2,0,55,TRUE,2
H√©lder_Costa_418,20,0,12,2,0,50,TRUE,2
Ibrahim_Amadou_507,17,0,13,2,0,45,TRUE,2
Idrissa_Gueye_156,15,0,18,2,0,50,TRUE,2
Ilkay_G√ºndogan_222,16,90,17,2,2,55,TRUE,2
Isaac_Hayden_271,17,90,14,2,2,45,FALSE,2
Isaac_Success Ajayi_365,15,0,8,2,0,50,FALSE,2
Isma√Øla_Sarr_525,15,0,8,2,0,65,FALSE,2
Issa_Diop_381,13,90,4,2,2,45,FALSE,2
Ivan_Cavaleiro_419,20,0,12,2,0,50,TRUE,2
Jack_Colback_482,17,0,14,2,0,45,FALSE,2
Jack_Cork_102,11,90,1,2,2,50,FALSE,2
Jack_Grealish_29,12,90,3,2,6,60,TRUE,2
Jack_O'Connell_293,18,90,7,2,6,45,TRUE,2
Jack_Simpson_66,12,0,2,2,0,40,FALSE,2
Jack_Stacey_446,12,0,2,2,0,45,FALSE,2
Jack_Stephens_308,19,0,10,2,0,45,TRUE,2
Jack_Wilshere_394,13,45,4,2,1,50,FALSE,2
Jacob_Murphy_483,17,0,14,2,0,50,FALSE,2
Jake_Eastwood_299,18,0,7,2,0,45,TRUE,2
Jamaal_Lascelles_258,17,90,14,2,1,45,FALSE,2
Jamal_Lewis_276,17,89,13,2,6,45,TRUE,2
James_Chester_23,12,0,3,2,0,45,TRUE,2
James_Garner_250,20,0,20,2,0,45,FALSE,2
James_Justin_433,14,0,6,2,0,50,FALSE,2
James_Maddison_171,14,90,6,2,5,70,FALSE,2
James_McArthur_138,18,81,15,2,2,55,FALSE,2
James_McCarthy_157,18,20,15,2,0,45,FALSE,2
James_Milner_200,19,73,16,2,6,55,FALSE,2
James_Tarkowski_84,11,90,1,2,1,50,FALSE,2
James_Tomkins_124,18,0,15,2,0,50,FALSE,2
James_Ward-Prowse_321,19,90,10,2,2,60,TRUE,2
Jamie_Vardy_166,14,90,6,2,2,90,FALSE,2
Jannik_Vestergaard_304,19,90,10,2,1,50,TRUE,2
Jan_Bednarek_307,19,90,10,2,1,45,TRUE,2
Jan_Vertonghen_330,16,0,11,2,0,54,FALSE,2
Javier_Hern√°ndez Balc√°zar_386,13,82,4,2,8,60,FALSE,2
Javier_Manquillo_256,17,0,14,2,0,45,FALSE,2
Jay_Rodriguez_451,11,29,1,2,1,59,FALSE,2
Jean-Philippe_Gbamin_497,15,90,18,2,3,50,TRUE,2
Jed_Steer_429,12,0,3,2,0,45,TRUE,2
Jefferson_Lerma_82,12,90,2,2,2,50,FALSE,2
Jeffrey_Schlupp_137,18,25,15,2,1,55,FALSE,2
Jeff_Hendrick_100,11,0,1,2,0,55,FALSE,2
Jesse_Lingard_241,20,80,20,2,2,65,FALSE,2
Jes√∫s_Vallejo L√°zaro_473,20,0,12,2,0,50,TRUE,2
Jetro_Willems_498,17,0,14,2,0,45,FALSE,2
Joelinton C√°ssio_Apolin√°rio de Lira_466,17,66,14,2,1,60,FALSE,2
Joel_Matip_185,19,90,16,2,2,54,FALSE,2
Joel_Ward_126,18,90,15,2,2,45,FALSE,2
Joe_Hart_95,11,0,1,2,0,45,FALSE,2
Johann Berg_Gudmundsson_96,11,71,1,2,2,60,FALSE,2
John_Egan_295,18,90,7,2,6,45,TRUE,2
John_Fleck_301,18,28,7,2,1,50,TRUE,2
John_Lundstram_297,18,90,7,2,14,40,TRUE,2
John_McGinn_31,12,90,3,2,2,56,TRUE,2
John_Ruddy_412,20,0,12,2,0,45,TRUE,2
John_Stones_207,16,0,17,2,0,55,TRUE,2
Jonas_L√∂ssl_479,15,0,18,2,0,45,TRUE,2
Jonathan_Castro Otto_402,20,90,12,2,2,55,TRUE,2
Jonathan_Kodjia_26,12,0,3,2,0,55,TRUE,2
Jonjo_Shelvey_269,17,90,14,2,8,50,FALSE,2
Jonny_Evans_162,14,90,6,2,3,50,FALSE,2
Jordan_Ayew_468,18,0,15,2,0,50,FALSE,2
Jordan_Henderson_198,19,1,16,2,1,55,FALSE,2
Jordan_Pickford_148,15,90,18,2,6,55,TRUE,2
Jordon_Ibe_78,12,0,2,2,0,50,FALSE,2
Jorge Luiz_Frello Filho_118,14,70,9,2,1,50,TRUE,2
Jose Luis_Mato Sanmart√≠n_261,17,0,14,2,0,50,FALSE,2
Joseph_Gomez_184,19,0,16,2,0,55,FALSE,2
Joseph_Willock_490,11,90,5,2,2,50,TRUE,2
Joshua_King_68,12,90,2,2,6,65,FALSE,2
Josip_Drmic_434,17,0,13,2,0,55,TRUE,2
Jos√© Diogo_Dalot Teixeira_229,20,0,20,2,0,49,FALSE,2
Jos√© Heriberto_Izquierdo Mena_51,13,0,19,2,0,55,TRUE,2
Jos√© Ignacio_Peleteiro Romallo_36,12,15,3,2,1,60,TRUE,2
Jos√© √Ångel_Esmor√≠s Tasende_440,16,0,17,2,0,49,TRUE,2
Jos√©_Holebas_353,15,90,8,2,1,50,FALSE,2
Jo√£o Filipe Iria_Santos Moutinho_415,20,90,12,2,8,55,TRUE,2
Jo√£o Pedro Cavaco_Cancelo_518,16,0,17,2,0,55,TRUE,2
Juan_Foyth_335,16,0,11,2,0,50,FALSE,2
Juan_Mata_242,20,9,20,2,1,65,FALSE,2
Junior_Stanislas_77,12,0,2,2,0,60,FALSE,2
J√ºrgen_Locadia_45,13,0,19,2,0,55,TRUE,2
Karl_Darlow_263,17,0,14,2,0,45,FALSE,2
Kasper_Schmeichel_168,14,90,6,2,3,50,FALSE,2
Kayne_Ramsay_311,19,0,10,2,0,40,TRUE,2
Keinan_Davis_34,12,3,3,2,1,45,TRUE,2
Kelechi_Iheanacho_167,14,0,6,2,0,60,FALSE,2
Kenny_McLean_286,17,0,13,2,0,50,TRUE,2
Ken_Sema_372,15,0,8,2,0,50,FALSE,2
Kepa_Arrizabalaga_111,14,90,9,2,2,55,TRUE,2
Kevin_Danso_532,19,0,10,2,0,45,TRUE,2
Kevin_De Bruyne_215,16,90,17,2,11,95,TRUE,2
Kevin_Long_88,11,0,1,2,0,45,FALSE,2
Kieran_Tierney_515,11,0,5,2,0,55,TRUE,2
Kieran_Trippier_334,16,0,11,2,0,55,FALSE,2
Kieron_Freeman_292,18,0,7,2,0,45,TRUE,2
Konstantinos_Mavropanos_8,11,0,5,2,0,45,TRUE,2
Kortney_Hause_25,12,0,3,2,0,45,TRUE,2
Kurt_Zouma_459,14,90,9,2,2,50,TRUE,2
Kyle_Walker-Peters_337,16,90,11,2,1,50,FALSE,2
Kyle_Walker_203,16,90,17,2,1,60,TRUE,2
Laurent_Koscielny_7,11,0,5,2,0,50,TRUE,2
Leander_Dendoncker_420,20,90,12,2,2,45,TRUE,2
Leandro_Trossard_421,13,84,19,2,7,60,TRUE,2
Lee_Grant_237,20,0,20,2,0,50,FALSE,2
Leighton_Baines_145,15,0,18,2,0,50,TRUE,2
Leon_Balogun_40,13,0,19,2,0,45,TRUE,2
Leroy_San√©_216,16,0,17,2,0,94,TRUE,2
Lewis_Cook_79,12,0,2,2,0,50,FALSE,2
Lewis_Dunk_42,13,90,19,2,3,45,TRUE,2
Lewis_Gibson_477,15,0,18,2,0,45,TRUE,2
Lloyd_Kelly_64,12,0,2,2,0,45,FALSE,2
Lovre_Kalinic_474,12,0,3,2,0,45,TRUE,2
Lucas_Digne_141,15,72,18,2,11,60,TRUE,2
Lucas_Rodrigues Moura da Silva_345,16,34,11,2,6,75,FALSE,2
Lucas_Torreira_19,11,7,5,2,1,50,TRUE,2
Lukasz_Fabianski_388,13,90,4,2,3,50,FALSE,2
Luka_Milivojevic_134,18,90,15,2,2,70,FALSE,2
Luke_Amos_351,16,0,11,2,0,45,FALSE,2
Luke_Dreher_140,18,0,15,2,0,45,FALSE,2
Luke_Freeman_441,18,61,7,2,2,55,TRUE,2
Luke_Shaw_226,20,90,20,2,2,55,FALSE,2
Lys_Mousset_70,18,0,7,2,0,50,TRUE,2
Maarten_Stekelenburg_149,15,0,18,2,0,40,TRUE,2
Mahmoud Ahmed_Ibrahim Hassan_465,12,86,3,2,2,55,TRUE,2
Mamadou_Sakho_125,18,0,15,2,0,50,FALSE,2
Manuel_Lanzini_391,13,90,4,2,8,65,FALSE,2
Marcos_Alonso_103,14,0,9,2,0,64,TRUE,2
Marcos_Rojo_227,20,0,20,2,0,50,FALSE,2
Marco_Stiepermann_285,17,83,13,2,3,55,TRUE,2
Marcus_Rashford_233,20,88,20,2,6,86,FALSE,2
Marc_Albrighton_174,14,10,6,2,1,55,FALSE,2
Marc_Navarro_360,15,0,8,2,0,40,FALSE,2
Mario_Lemina_324,19,0,10,2,0,50,TRUE,2
Mario_Vrancic_282,17,6,13,2,1,64,TRUE,2
Marko_Arnautovic_385,13,0,4,2,0,70,FALSE,2
Mark_Duffy_300,18,0,7,2,0,55,TRUE,2
Mark_Noble_396,13,0,4,2,0,50,FALSE,2
Mark_Travers_74,12,0,2,2,0,45,FALSE,2
Martin_Dubravka_262,17,90,14,2,2,50,FALSE,2
Martin_Kelly_128,18,90,15,2,2,40,FALSE,2
Mart√≠n_Montoya_38,13,90,19,2,2,45,TRUE,2
Marvelous_Nakamba_491,12,0,3,2,0,45,TRUE,2
Mason_Greenwood_234,20,1,20,2,1,45,FALSE,2
Mason_Holgate_478,15,17,18,2,1,45,TRUE,2
Mason_Mount_463,14,90,9,2,10,60,TRUE,2
Matej_Vydra_92,11,0,1,2,0,55,FALSE,2
Mateo_Kovacic_432,14,19,9,2,1,55,TRUE,2
Mathew_Ryan_47,13,90,19,2,2,45,TRUE,2
Matteo_Darmian_230,20,0,20,2,0,50,FALSE,2
Matteo_Guendouzi_21,11,90,5,2,2,45,TRUE,2
Matthew_Clarke_43,13,0,19,2,0,45,TRUE,2
Matthew_Lowton_85,11,90,1,2,1,45,FALSE,2
Matty_James_177,14,0,6,2,0,45,FALSE,2
Matt_Doherty_401,20,45,12,2,1,60,TRUE,2
Matt_Ritchie_251,17,90,14,2,1,55,FALSE,2
Matt_Targett_309,12,0,3,2,0,45,TRUE,2
Maximillian_Aarons_274,17,90,13,2,1,45,TRUE,2
Max_Kilman_408,20,0,12,2,0,40,TRUE,2
Max_Meyer_136,18,64,15,2,2,55,FALSE,2
Maya_Yoshida_310,19,90,10,2,1,45,TRUE,2
Mesut_√ñzil_15,11,0,5,2,0,74,TRUE,2
Michael_Keane_143,15,90,18,2,6,55,TRUE,2
Michael_McGovern_281,17,0,13,2,0,40,TRUE,2
Michael_Obafemi_314,19,0,10,2,0,50,TRUE,2
Michael_Verrips_521,18,0,7,2,0,45,TRUE,2
Michail_Antonio_389,13,45,4,2,1,70,FALSE,2
Michy_Batshuayi_461,14,0,9,2,0,69,TRUE,2
Miguel_Almir√≥n_266,17,90,14,2,2,60,FALSE,2
Mohamed_Elneny_20,11,0,5,2,0,45,TRUE,2
Mohamed_Elyounoussi_322,19,0,10,2,0,55,TRUE,2
Mohamed_Salah_191,19,78,16,2,3,125,FALSE,2
Moise_Kean_496,15,18,18,2,1,70,TRUE,2
Morgan_Gibbs-White_416,20,0,12,2,0,50,TRUE,2
Morgan_Schneiderlin_158,15,0,18,2,0,45,TRUE,2
Moritz_Leitner_288,17,90,13,2,2,45,TRUE,2
Moussa_Djenepo_438,19,13,10,2,0,55,TRUE,2
Moussa_Sissoko_349,16,90,11,2,2,50,FALSE,2
Muhamed_Be≈°iƒá_522,18,0,7,2,0,45,TRUE,2
N'Golo_Kant√©_119,14,90,9,2,2,50,TRUE,2
Naby_Keita_196,19,0,16,2,0,60,FALSE,2
Nacho_Monreal_6,11,90,5,2,2,50,TRUE,2
Nampalys_Mendy_179,14,0,6,2,0,45,FALSE,2
Nathaniel_Chalobah_374,15,0,8,2,0,45,FALSE,2
Nathan_Ak√©_59,12,90,2,2,1,50,FALSE,2
Nathan_Redmond_320,19,90,10,2,2,65,TRUE,2
Neal_Maupay_502,13,23,19,2,1,60,TRUE,2
Neil_Taylor_24,12,90,3,2,1,45,TRUE,2
Nemanja_Matic_247,20,0,20,2,0,50,FALSE,2
Nick_Pope_93,11,90,1,2,3,45,FALSE,2
Nicolas_P√©p√©_488,11,45,5,2,1,95,TRUE,2
Nicol√°s_Otamendi_208,16,90,17,2,1,54,TRUE,2
Oleksandr_Zinchenko_206,16,90,17,2,1,55,TRUE,2
Oliver_McBurnie_501,18,34,7,2,1,60,TRUE,2
Oliver_Norwood_302,18,90,7,2,3,50,TRUE,2
Oliver_Skipp_352,16,1,11,2,1,45,FALSE,2
Olivier_Giroud_110,14,61,9,2,2,70,TRUE,2
Onel_Hern√°ndez_284,17,0,13,2,0,55,TRUE,2
Oriol_Romeu Vidal_328,19,63,10,2,1,45,TRUE,2
Pablo_Fornals_399,13,76,4,2,2,65,FALSE,2
Pablo_Zabaleta_379,13,0,4,2,0,45,FALSE,2
Pascal_Gro√ü_49,13,66,19,2,3,65,TRUE,2
Patrick_Cutrone_487,20,1,12,2,1,60,TRUE,2
Patrick_Roberts_435,17,0,13,2,0,55,TRUE,2
Patrick_van Aanholt_123,18,90,15,2,2,55,FALSE,2
Paulo_Gazzaniga_341,16,0,11,2,0,45,FALSE,2
Paul_Dummett_255,17,90,14,2,0,45,FALSE,2
Paul_Pogba_238,20,90,20,2,0,85,FALSE,2
Pedro_Lomba Neto_528,20,4,12,2,1,50,TRUE,2
Pedro_Obiang_400,13,0,4,2,0,45,FALSE,2
Pedro_Rodr√≠guez Ledesma_114,14,90,9,2,2,70,TRUE,2
Philip_Billing_476,12,45,2,2,0,50,FALSE,2
Philip_Heise_484,17,0,13,2,0,40,TRUE,2
Phil_Bardsley_86,11,0,1,2,0,45,FALSE,2
Phil_Foden_220,16,0,17,2,0,55,TRUE,2
Phil_Jagielka_444,18,1,7,2,1,45,TRUE,2
Phil_Jones_231,20,0,20,2,0,50,FALSE,2
Pierre-Emerick_Aubameyang_11,11,90,5,2,6,110,TRUE,2
Pierre-Emile_H√∏jbjerg_325,19,90,10,2,2,50,TRUE,2
Pontus_Dahlberg_367,15,0,8,2,0,45,FALSE,2
Rachid_Ghezzal_173,14,0,6,2,0,55,FALSE,2
Rafael_Camacho_201,19,0,16,2,0,45,FALSE,2
Raheem_Sterling_214,16,90,17,2,6,121,TRUE,2
Ralf_Fahrmann_449,17,0,13,2,0,45,TRUE,2
Ravel_Morrison_456,18,0,7,2,0,50,TRUE,2
Ra√∫l_Jim√©nez_409,20,90,12,2,2,75,TRUE,2
Reece_James_506,14,0,9,2,0,50,TRUE,2
Reiss_Nelson_489,11,45,5,2,1,55,TRUE,2
Rhian_Brewster_464,19,0,16,2,0,45,FALSE,2
Ricardo Domingos_Barbosa Pereira_159,14,90,6,2,2,60,FALSE,2
Richard_Stearman_296,18,0,7,2,0,40,TRUE,2
Richarlison_de Andrade_150,15,62,18,2,3,80,TRUE,2
Riyad_Mahrez_217,16,10,17,2,1,85,TRUE,2
Robbie_Brady_98,11,0,1,2,0,55,FALSE,2
Robert Kenedy_Nunes do Nascimento_462,14,0,9,2,0,55,TRUE,2
Roberto_Firmino_187,19,90,16,2,8,95,FALSE,2
Roberto_Jimenez Gago_450,13,0,4,2,0,45,FALSE,2
Roberto_Pereyra_369,15,90,8,2,1,60,FALSE,2
Robert_Snodgrass_393,13,90,4,2,2,55,FALSE,2
Rob_Holding_10,11,0,5,2,0,45,TRUE,2
Rodrigo_Hernandez_443,16,77,17,2,2,55,TRUE,2
Rolando_Aarons_499,17,0,14,2,0,50,FALSE,2
Romain_Sa√Øss_407,20,0,12,2,0,45,TRUE,2
Romelu_Lukaku_232,20,0,20,2,0,85,FALSE,2
Ross_Barkley_117,14,0,9,2,0,60,TRUE,2
Ruben_Loftus-Cheek_115,14,0,9,2,0,65,TRUE,2
Rui Pedro_dos Santos Patr√≠cio_411,20,90,12,2,9,50,TRUE,2
Ryan_Bennett_404,20,90,12,2,1,50,TRUE,2
Ryan_Bertrand_305,19,76,10,2,1,50,TRUE,2
Ryan_Fraser_75,12,90,2,2,2,75,FALSE,2
Ryan_Fredericks_380,13,90,4,2,2,45,FALSE,2
Ryan_Sessegnon_524,16,0,11,2,0,55,FALSE,2
R√∫ben Diogo_da Silva Neves_414,20,90,12,2,7,55,TRUE,2
R√∫ben Gon√ßalo_Silva Nascimento Vinagre_406,20,0,12,2,0,45,TRUE,2
Sadio_Man√©_192,19,90,16,2,13,115,FALSE,2
Sam_Byram_454,17,1,13,2,1,45,TRUE,2
Sam_Gallagher_316,19,0,10,2,0,45,TRUE,2
Sam_Surridge_71,12,0,2,2,0,45,FALSE,2
Scott_Dann_127,18,90,15,2,2,45,FALSE,2
Scott_McTominay_248,20,90,20,2,2,50,FALSE,2
Sead_Kolasinac_3,11,19,5,2,1,55,TRUE,2
Seamus_Coleman_144,15,90,18,2,5,55,TRUE,2
Sean_Longstaff_270,17,16,14,2,3,50,FALSE,2
Sebastian_Pr√∂dl_361,15,0,8,2,0,40,FALSE,2
Serge_Aurier_336,16,0,11,2,0,50,FALSE,2
Sergio_Ag√ºero_210,16,65,17,2,6,120,TRUE,2
Sergio_Romero_236,20,0,20,2,0,50,FALSE,2
Shane_Duffy_37,13,90,19,2,2,50,TRUE,2
Shane_Long_315,19,0,10,2,0,50,TRUE,2
Shkodran_Mustafi_1,11,0,5,2,0,55,TRUE,2
Simon_Francis_62,12,0,2,2,0,45,FALSE,2
Simon_Mignolet_190,19,0,16,2,0,45,FALSE,2
Simon_Moore_436,18,0,7,2,0,45,TRUE,2
Sofiane_Boufal_508,19,0,10,2,0,55,TRUE,2
Sokratis_Papastathopoulos_5,11,90,5,2,2,50,TRUE,2
Solomon_March_55,13,90,19,2,2,50,TRUE,2
Steven_Defour_99,11,0,1,2,0,55,FALSE,2
Steve_Cook_58,12,90,2,2,2,50,FALSE,2
Stuart_Armstrong_323,19,22,10,2,1,55,TRUE,2
Sung-yueng_Ki_268,17,73,14,2,2,50,FALSE,2
S√©bastien_Haller_457,13,0,4,2,0,75,FALSE,2
Tahith_Chong_249,20,0,20,2,0,45,FALSE,2
Tammy_Abraham_460,14,29,9,2,1,70,TRUE,2
Tanguy_Ndombele_442,16,90,11,2,6,60,FALSE,2
Teemu_Pukki_278,17,90,13,2,17,66,TRUE,2
Theo_Walcott_153,15,27,18,2,1,65,TRUE,2
Timm_Klose_272,17,0,13,2,0,45,TRUE,2
Tim_Krul_280,17,90,13,2,2,45,TRUE,2
Toby_Alderweireld_331,16,90,11,2,1,55,FALSE,2
Todd_Cantwell_287,17,90,13,2,10,45,TRUE,2
Tom_Cleverley_371,15,11,8,2,1,50,FALSE,2
Tom_Davies_154,15,0,18,2,0,55,TRUE,2
Tom_Heaton_94,12,90,3,2,1,45,TRUE,2
Tom_Trybull_290,17,86,13,2,3,45,TRUE,2
Trent_Alexander-Arnold_182,19,90,16,2,1,70,FALSE,2
Troy_Deeney_362,15,90,8,2,2,65,FALSE,2
Troy_Parrott_509,16,0,11,2,0,45,FALSE,2
Tyreke_Johnson_326,19,0,10,2,0,45,TRUE,2
Tyrone_Mings_445,12,90,3,2,1,45,TRUE,2
Vicente_Guaita_131,18,90,15,2,2,50,FALSE,2
Victor_Lindel√∂f_225,20,90,20,2,2,55,FALSE,2
Victor_Wanyama_348,16,0,11,2,0,50,FALSE,2
Vincent_Janssen_339,16,0,11,2,0,45,FALSE,2
Virgil_van Dijk_183,19,90,16,2,2,65,FALSE,2
V√≠ctor_Camarasa_510,18,0,15,2,0,50,FALSE,2
Wayne_Hennessey_132,18,0,15,2,0,45,FALSE,2
Wesley_Hoedt_485,19,0,10,2,0,45,TRUE,2
Wesley_Moraes_428,12,90,3,2,2,60,TRUE,2
Wes_Morgan_165,14,0,6,2,0,45,FALSE,2
Wilfred_Ndidi_176,14,90,6,2,10,50,FALSE,2
Wilfried_Zaha_133,18,90,15,2,2,70,FALSE,2
Willian_Borges Da Silva_113,14,19,9,2,1,70,TRUE,2
Willy_Boly_405,20,90,12,2,2,50,TRUE,2
Willy_Caballero_112,14,0,9,2,0,50,TRUE,2
Will_Hughes_370,15,66,8,2,2,55,FALSE,2
Will_Norris_413,20,0,12,2,0,40,TRUE,2
Winston_Reid_383,13,0,4,2,0,40,FALSE,2
Xherdan_Shaqiri_194,19,0,16,2,0,65,FALSE,2
Yan_Valery_306,19,90,10,2,1,50,TRUE,2
Yerry_Mina_142,15,90,18,2,7,55,TRUE,2
Yoshinori_Muto_260,17,23,14,2,1,55,FALSE,2
Youri_Tielemans_448,14,90,6,2,2,65,FALSE,2
Yves_Bissouma_53,13,0,19,2,0,50,TRUE,2
√áaglar_S√∂y√ºnc√º_164,14,90,6,2,2,45,FALSE,2
√òrjan_Nyland_27,12,0,3,2,0,45,TRUE,2
Aaron_Cresswell_376,29,0,18,3,0,50,FALSE,3
Aaron_Lennon_430,30,24,20,3,0,49,FALSE,3
Aaron_Mooy_516,23,0,16,3,0,50,TRUE,3
Aaron_Ramsdale_494,22,90,11,3,1,45,TRUE,3
Aaron_Wan-Bissaka_122,25,90,7,3,0,56,TRUE,3
Abdoulaye_Doucour√©_368,29,90,19,3,2,59,TRUE,3
Adama_Traor√©_417,30,14,5,3,1,50,TRUE,3
Adam_Lallana_195,24,4,1,3,1,59,TRUE,3
Adam_Masina_355,29,0,19,3,0,45,TRUE,3
Adam_Smith_63,22,67,11,3,1,45,TRUE,3
Adam_Webster_493,23,0,16,3,0,45,TRUE,3
Ademola_Lookman_155,21,0,2,3,0,50,FALSE,3
Adrian_Mariappa_356,29,0,19,3,0,44,TRUE,3
Adri√°n_San Miguel del Castillo_526,24,90,1,3,2,45,TRUE,3
Ahmed_El Mohamady_22,21,4,8,3,1,45,TRUE,3
Ainsley_Maitland-Niles_4,24,90,10,3,1,50,FALSE,3
Albian_Ajeti_514,29,0,18,3,0,60,FALSE,3
Alexander_Tettey_289,26,0,6,3,0,45,TRUE,3
Alexandre Nascimento_Costa Silva_387,29,0,18,3,0,45,FALSE,3
Alexandre_Lacazette_12,24,9,10,3,1,95,FALSE,3
Alexis_S√°nchez_240,25,0,7,3,0,69,TRUE,3
Alex_Iwobi_17,21,29,2,3,1,59,FALSE,3
Alex_McCarthy_318,23,0,4,3,0,45,FALSE,3
Alex_Oxlade-Chamberlain_193,24,13,1,3,1,64,TRUE,3
Alireza_Jahanbakhsh_50,23,0,16,3,0,59,TRUE,3
Alisson_Ramses Becker_189,24,0,1,3,0,59,TRUE,3
Allan_Saint-Maximin_500,28,16,17,3,1,55,FALSE,3
Andreas_Christensen_108,26,90,14,3,1,50,FALSE,3
Andreas_Pereira_246,25,0,7,3,0,50,TRUE,3
Andrew_Robertson_181,24,90,1,3,2,70,TRUE,3
Andrew_Surman_80,22,0,11,3,0,49,TRUE,3
Andre_Gray_364,29,90,19,3,8,59,TRUE,3
Andre_Green_32,21,0,8,3,0,50,TRUE,3
Andriy_Yarmolenko_392,29,54,18,3,1,59,FALSE,3
Andros_Townsend_135,25,10,12,3,1,60,FALSE,3
Andr√© Filipe_Tavares Gomes_422,21,90,2,3,1,54,FALSE,3
Andy_Carroll_520,28,0,17,3,0,55,FALSE,3
Andy_King_480,27,0,15,3,0,45,FALSE,3
Andy_Lonergan_530,24,0,1,3,0,45,TRUE,3
Angelo_Ogbonna_377,29,90,18,3,1,45,FALSE,3
Angel_Gomes_245,25,0,7,3,0,49,TRUE,3
Angus_Gunn_319,23,90,4,3,7,45,FALSE,3
Anthony_Knockaert_52,23,0,16,3,0,55,TRUE,3
Anthony_Martial_239,25,90,7,3,5,77,TRUE,3
Antonio_R√ºdiger_104,26,0,14,3,0,60,FALSE,3
Anwar_El Ghazi_30,21,13,8,3,6,55,TRUE,3
Arnaut_Danjuma Groeneveld_492,22,0,11,3,0,59,TRUE,3
Arthur_Masuaku_378,29,90,18,3,2,45,FALSE,3
Artur_Boruc_73,22,0,11,3,0,45,TRUE,3
Ashley_Barnes_90,30,77,20,3,7,66,FALSE,3
Ashley_Westwood_101,30,90,20,3,2,55,FALSE,3
Ashley_Young_224,25,56,7,3,1,54,TRUE,3
Asmir_Begovic_72,22,0,11,3,0,44,TRUE,3
Axel_Tuanzebe_481,25,0,7,3,0,44,TRUE,3
Aymeric_Laporte_202,22,90,3,3,2,65,FALSE,3
Ayoze_P√©rez_265,27,77,15,3,2,64,FALSE,3
Bailey_Peacock-Farrell_495,30,0,20,3,0,45,FALSE,3
Bamidele_Alli_344,28,0,13,3,0,84,TRUE,3
Benjamin_Chilwell_161,27,0,15,3,0,55,FALSE,3
Benjamin_Mendy_204,22,0,3,3,0,60,FALSE,3
Ben_Davies_329,28,2,13,3,1,55,TRUE,3
Ben_Foster_366,29,90,19,3,3,50,TRUE,3
Ben_Gibson_89,30,0,20,3,0,40,FALSE,3
Ben_Godfrey_273,26,90,6,3,1,45,TRUE,3
Ben_Johnson_384,29,0,18,3,0,40,FALSE,3
Ben_Mee_83,30,90,20,3,2,50,FALSE,3
Ben_Osborn_472,27,0,9,3,0,49,TRUE,3
Beram_Kayal_56,23,0,16,3,0,45,TRUE,3
Bernardo Mota_Veiga de Carvalho e Silva_218,22,78,3,3,2,79,FALSE,3
Bernardo_Fernandes da Silva Junior_39,23,0,16,3,0,45,TRUE,3
Bernard_An√≠cio Caldeira Duarte_152,21,61,2,3,2,65,FALSE,3
Bernd_Leno_14,24,90,10,3,1,50,FALSE,3
Billy_Sharp_298,27,36,9,3,1,60,TRUE,3
Birkir_Bjarnason_33,21,0,8,3,0,45,TRUE,3
Bjorn_Engels_455,21,90,8,3,9,45,TRUE,3
Callum_Hudson-Odoi_116,26,0,14,3,0,60,FALSE,3
Callum_Robinson_453,27,53,9,3,1,54,TRUE,3
Callum_Slattery_327,23,0,4,3,0,45,FALSE,3
Callum_Wilson_67,22,68,11,3,5,79,TRUE,3
Calum_Chambers_467,24,0,10,3,0,45,FALSE,3
Caoimhin_Kelleher_531,24,0,1,3,0,45,TRUE,3
Carlos_S√°nchez_397,29,2,18,3,1,45,FALSE,3
Carl_Jenkinson_9,24,0,10,3,0,45,FALSE,3
Cenk_Tosun_146,21,0,2,3,0,59,FALSE,3
Charlie_Austin_312,23,0,4,3,0,60,FALSE,3
Charlie_Daniels_60,22,36,11,3,1,45,TRUE,3
Charlie_Taylor_87,30,0,20,3,0,44,FALSE,3
Cheikhou_Kouyat√©_139,25,82,12,3,3,49,FALSE,3
Che_Adams_437,23,79,4,3,2,59,FALSE,3
Christian_Atsu_267,28,73,17,3,6,54,FALSE,3
Christian_Benteke_129,25,15,12,3,1,60,FALSE,3
Christian_Eriksen_343,28,28,13,3,1,89,TRUE,3
Christian_Fuchs_163,27,90,15,3,2,45,FALSE,3
Christian_Kabasele_354,29,0,19,3,0,44,TRUE,3
Christian_Pulisic_431,26,83,14,3,5,75,FALSE,3
Christoph_Zimmermann_275,26,0,6,3,0,45,TRUE,3
Chris_Basham_423,27,77,9,3,1,45,TRUE,3
Chris_Mepham_61,22,90,11,3,1,45,TRUE,3
Chris_Smalling_223,25,0,7,3,0,54,TRUE,3
Chris_Wood_91,30,90,20,3,2,64,FALSE,3
Ciaran_Clark_259,28,0,17,3,0,45,FALSE,3
Claudio_Bravo_213,22,0,3,3,0,49,FALSE,3
Connor_Wickham_130,25,0,12,3,0,45,FALSE,3
Conor_Coady_403,30,90,5,3,2,50,TRUE,3
Conor_Hourihane_28,21,0,8,3,0,59,TRUE,3
Craig_Cathcart_358,29,90,19,3,1,45,TRUE,3
Craig_Dawson_439,29,90,19,3,1,50,TRUE,3
C√©dric_Soares_486,23,0,4,3,0,49,FALSE,3
C√©sar_Azpilicueta_105,26,90,14,3,4,60,FALSE,3
Dale_Stephens_57,23,77,16,3,2,45,TRUE,3
Daniel_Amartey_178,27,0,15,3,0,45,FALSE,3
Daniel_Ceballos Fern√°ndez_469,24,60,10,3,2,56,FALSE,3
Daniel_Drinkwater_120,30,0,20,3,0,45,FALSE,3
Daniel_James_243,25,90,7,3,6,60,TRUE,3
Danilo Luiz_da Silva_209,22,0,3,3,0,50,FALSE,3
Danny_Ings_313,23,83,4,3,5,60,FALSE,3
Danny_Rose_332,28,87,13,3,1,55,TRUE,3
Danny_Ward_170,27,0,15,3,0,45,FALSE,3
Danny_Welbeck_512,29,16,19,3,1,60,TRUE,3
Dan_Burn_475,23,90,16,3,1,45,TRUE,3
Dan_Gosling_81,22,0,11,3,0,50,TRUE,3
Daryl_Janmaat_359,29,0,19,3,0,44,TRUE,3
Davide_Zappacosta_109,26,0,14,3,0,45,FALSE,3
David_Brooks_76,22,0,11,3,0,64,TRUE,3
David_Button_48,23,0,16,3,0,40,TRUE,3
David_de Gea_235,25,90,7,3,1,56,TRUE,3
David_Luiz Moreira Marinho_106,24,90,10,3,0,60,FALSE,3
David_McGoldrick_303,27,53,9,3,1,55,TRUE,3
David_Silva_219,22,90,3,3,10,75,FALSE,3
Davinson_S√°nchez_333,28,90,13,3,2,55,TRUE,3
Davy_Pr√∂pper_54,23,90,16,3,2,50,TRUE,3
DeAndre_Yedlin_253,28,0,17,3,0,45,FALSE,3
Dean_Henderson_471,27,90,9,3,1,45,TRUE,3
Declan_Rice_395,29,90,18,3,2,50,FALSE,3
Dejan_Lovren_186,24,0,1,3,0,54,TRUE,3
Demarai_Gray_175,27,0,15,3,0,54,FALSE,3
Dennis_Praet_517,27,63,15,3,2,55,FALSE,3
Dennis_Srbeny_279,26,9,6,3,1,54,TRUE,3
Diego_Rico_65,22,0,11,3,0,40,TRUE,3
Diogo_Jota_410,30,90,5,3,2,65,TRUE,3
Divock_Origi_188,24,0,1,3,0,56,TRUE,3
Djibril_Sidib√©_511,21,0,2,3,0,55,FALSE,3
Domingos_Quina_375,29,4,19,3,1,45,TRUE,3
Dominic_Calvert-Lewin_147,21,90,2,3,1,60,FALSE,3
Dominic_Solanke_69,22,21,11,3,1,55,TRUE,3
Douglas Luiz_Soares de Paulo_470,21,90,8,3,3,45,TRUE,3
Dwight_McNeil_97,30,85,20,3,6,60,FALSE,3
Ederson_Santana de Moraes_212,22,90,3,3,3,61,FALSE,3
Edward_Nketiah_13,24,0,10,3,0,45,FALSE,3
Eldin_Jakupovic_169,27,0,15,3,0,45,FALSE,3
Emerson_Palmieri dos Santos_107,26,90,14,3,1,55,FALSE,3
Emiliano_Buend√≠a_283,26,90,6,3,5,60,TRUE,3
Emiliano_Mart√≠nez_427,24,0,10,3,0,45,FALSE,3
Emil_Krafth_519,28,90,17,3,6,45,FALSE,3
Enda_Stevens_291,27,90,9,3,1,50,TRUE,3
Eric_Bailly_228,25,0,7,3,0,50,TRUE,3
Eric_Dier_350,28,0,13,3,0,50,TRUE,3
Erik_Lamela_346,28,61,13,3,2,60,TRUE,3
Erik_Pieters_447,30,90,20,3,2,46,FALSE,3
Ethan_Ampadu_121,26,0,14,3,0,45,FALSE,3
Etienne_Capoue_373,29,90,19,3,2,50,TRUE,3
Ezri_Konsa Ngoyo_452,21,0,8,3,0,45,TRUE,3
Fabian_Delph_205,21,0,2,3,0,54,FALSE,3
Fabian_Sch√§r_252,28,90,17,3,8,50,FALSE,3
Fabio Henrique_Tavares_197,24,90,1,3,6,55,TRUE,3
Fabi√°n_Balbuena_382,29,0,18,3,0,45,FALSE,3
Federico_Fern√°ndez_254,28,8,17,3,1,45,FALSE,3
Felipe Anderson_Pereira Gomes_390,29,77,18,3,5,69,FALSE,3
Fernando_Luiz Rosa_221,22,0,3,3,0,54,FALSE,3
Fikayo_Tomori_529,26,0,14,3,0,45,FALSE,3
Florian_Lejeune_257,28,0,17,3,0,45,FALSE,3
Florin_Andone_46,23,29,16,3,-2,50,TRUE,3
Francisco_Femen√≠a Far_357,29,90,19,3,1,45,TRUE,3
Fraser_Forster_317,23,0,4,3,0,45,FALSE,3
Frederick_Woodman_264,28,0,17,3,0,40,FALSE,3
Frederico_Rodrigues de Paula Santos_244,25,0,7,3,0,54,TRUE,3
Fr√©d√©ric_Guilbert_458,21,90,8,3,5,44,TRUE,3
Gabriel Fernando_de Jesus_211,22,0,3,3,0,95,FALSE,3
Gabriel Teodoro_Martinelli Silva_504,24,0,10,3,0,45,FALSE,3
Gary_Cahill_503,25,90,12,3,1,45,FALSE,3
Ga√´tan_Bong_41,23,0,16,3,0,45,TRUE,3
Georges-K√©vin_Nkoudou_527,28,0,13,3,0,50,TRUE,3
George_Baldock_294,27,90,9,3,7,45,TRUE,3
Georginio_Wijnaldum_199,24,68,1,3,3,55,TRUE,3
Gerard_Deulofeu_363,29,73,19,3,2,64,TRUE,3
Giovani_Lo Celso_523,28,28,13,3,1,75,TRUE,3
Glenn_Murray_44,23,16,16,3,1,60,TRUE,3
Grady_Diangana_398,29,0,18,3,0,45,FALSE,3
Granit_Xhaka_18,24,90,10,3,2,54,FALSE,3
Grant_Hanley_277,26,90,6,3,1,40,TRUE,3
Gylfi_Sigurdsson_151,21,61,2,3,2,79,FALSE,3
Hamza_Choudhury_180,27,90,15,3,2,45,FALSE,3
Harry_Kane_338,28,90,13,3,2,110,TRUE,3
Harry_Maguire_160,25,90,7,3,1,55,TRUE,3
Harry_Wilson_505,22,53,11,3,6,60,TRUE,3
Harry_Winks_347,28,90,13,3,1,55,TRUE,3
Harvey_Barnes_172,27,26,15,3,6,60,FALSE,3
Henrikh_Mkhitaryan_16,24,4,10,3,1,70,FALSE,3
Henri_Lansbury_35,21,0,8,3,0,45,TRUE,3
Heung-Min_Son_342,28,90,13,3,2,95,TRUE,3
Heurelho da Silva_Gomes_513,29,0,19,3,0,45,TRUE,3
Hugo_Lloris_340,28,90,13,3,2,55,TRUE,3
H√©ctor_Beller√≠n_2,24,0,10,3,0,55,FALSE,3
H√©lder_Costa_418,30,0,5,3,0,50,TRUE,3
Ibrahim_Amadou_507,26,0,6,3,0,45,TRUE,3
Idrissa_Gueye_156,21,0,2,3,0,50,FALSE,3
Ilkay_G√ºndogan_222,22,57,3,3,1,54,FALSE,3
Isaac_Hayden_271,28,90,17,3,3,45,FALSE,3
Isaac_Success Ajayi_365,29,0,19,3,0,50,TRUE,3
Isma√Øla_Sarr_525,29,16,19,3,1,65,TRUE,3
Issa_Diop_381,29,90,18,3,2,45,FALSE,3
Ivan_Cavaleiro_419,30,0,5,3,0,50,TRUE,3
Jack_Colback_482,28,0,17,3,0,45,FALSE,3
Jack_Cork_102,30,90,20,3,2,50,FALSE,3
Jack_Grealish_29,21,90,8,3,3,60,TRUE,3
Jack_O'Connell_293,27,90,9,3,1,45,TRUE,3
Jack_Simpson_66,22,0,11,3,0,40,TRUE,3
Jack_Stacey_446,22,0,11,3,0,44,TRUE,3
Jack_Stephens_308,23,0,4,3,0,45,FALSE,3
Jack_Wilshere_394,29,0,18,3,0,50,FALSE,3
Jacob_Murphy_483,28,0,17,3,0,49,FALSE,3
Jake_Eastwood_299,27,0,9,3,0,45,TRUE,3
Jamaal_Lascelles_258,28,81,17,3,6,45,FALSE,3
Jamal_Lewis_276,26,90,6,3,1,45,TRUE,3
James_Chester_23,21,0,8,3,0,45,TRUE,3
James_Garner_250,25,0,7,3,0,45,TRUE,3
James_Justin_433,27,0,15,3,0,50,FALSE,3
James_Maddison_171,27,90,15,3,6,70,FALSE,3
James_McArthur_138,25,90,12,3,2,55,FALSE,3
James_McCarthy_157,25,7,12,3,1,45,FALSE,3
James_Milner_200,24,21,1,3,1,55,TRUE,3
James_Tarkowski_84,30,90,20,3,1,50,FALSE,3
James_Tomkins_124,25,0,12,3,0,50,FALSE,3
James_Ward-Prowse_321,23,90,4,3,2,59,FALSE,3
Jamie_Vardy_166,27,90,15,3,8,89,FALSE,3
Jannik_Vestergaard_304,23,90,4,3,9,50,FALSE,3
Jan_Bednarek_307,23,90,4,3,7,45,FALSE,3
Jan_Vertonghen_330,28,0,13,3,0,54,TRUE,3
Javier_Hern√°ndez Balc√°zar_386,29,0,18,3,0,60,FALSE,3
Javier_Manquillo_256,28,0,17,3,0,45,FALSE,3
Jay_Rodriguez_451,30,12,20,3,1,59,FALSE,3
Jean-Philippe_Gbamin_497,21,0,2,3,0,50,FALSE,3
Jed_Steer_429,21,0,8,3,0,45,TRUE,3
Jefferson_Lerma_82,22,90,11,3,1,50,TRUE,3
Jeffrey_Schlupp_137,25,79,12,3,7,55,FALSE,3
Jeff_Hendrick_100,30,4,20,3,1,54,FALSE,3
Jesse_Lingard_241,25,55,7,3,1,65,TRUE,3
Jes√∫s_Vallejo L√°zaro_473,30,0,5,3,0,49,TRUE,3
Jetro_Willems_498,28,0,17,3,0,45,FALSE,3
Joelinton C√°ssio_Apolin√°rio de Lira_466,28,87,17,3,8,59,FALSE,3
Joel_Matip_185,24,90,1,3,9,54,TRUE,3
Joel_Ward_126,25,90,12,3,2,45,FALSE,3
Joe_Hart_95,30,0,20,3,0,45,FALSE,3
Johann Berg_Gudmundsson_96,30,65,20,3,3,60,FALSE,3
John_Egan_295,27,90,9,3,1,45,TRUE,3
John_Fleck_301,27,0,9,3,0,50,TRUE,3
John_Lundstram_297,27,90,9,3,0,41,TRUE,3
John_McGinn_31,21,90,8,3,6,56,TRUE,3
John_Ruddy_412,30,0,5,3,0,45,TRUE,3
John_Stones_207,22,0,3,3,0,55,FALSE,3
Jonas_L√∂ssl_479,21,0,2,3,0,45,FALSE,3
Jonathan_Castro Otto_402,30,90,5,3,2,55,TRUE,3
Jonathan_Kodjia_26,21,0,8,3,0,54,TRUE,3
Jonjo_Shelvey_269,28,0,17,3,0,50,FALSE,3
Jonny_Evans_162,27,90,15,3,2,50,FALSE,3
Jordan_Ayew_468,25,74,12,3,9,50,FALSE,3
Jordan_Henderson_198,24,90,1,3,2,55,TRUE,3
Jordan_Pickford_148,21,90,2,3,1,56,FALSE,3
Jordon_Ibe_78,22,22,11,3,1,49,TRUE,3
Jorge Luiz_Frello Filho_118,26,90,14,3,1,50,FALSE,3
Jose Luis_Mato Sanmart√≠n_261,28,0,17,3,0,50,FALSE,3
Joseph_Gomez_184,24,0,1,3,0,55,TRUE,3
Joseph_Willock_490,24,80,10,3,2,50,FALSE,3
Joshua_King_68,22,90,11,3,2,65,TRUE,3
Josip_Drmic_434,26,0,6,3,0,54,TRUE,3
Jos√© Diogo_Dalot Teixeira_229,25,0,7,3,0,49,TRUE,3
Jos√© Heriberto_Izquierdo Mena_51,23,0,16,3,0,55,TRUE,3
Jos√© Ignacio_Peleteiro Romallo_36,21,76,8,3,6,59,TRUE,3
Jos√© √Ångel_Esmor√≠s Tasende_440,22,0,3,3,0,49,FALSE,3
Jos√©_Holebas_353,29,90,19,3,0,49,TRUE,3
Jo√£o Filipe Iria_Santos Moutinho_415,30,58,5,3,1,55,TRUE,3
Jo√£o Pedro Cavaco_Cancelo_518,22,1,3,3,1,55,FALSE,3
Juan_Foyth_335,28,0,13,3,0,50,TRUE,3
Juan_Mata_242,25,5,7,3,1,64,TRUE,3
Junior_Stanislas_77,22,0,11,3,0,60,TRUE,3
J√ºrgen_Locadia_45,23,22,16,3,1,55,TRUE,3
Karl_Darlow_263,28,0,17,3,0,45,FALSE,3
Kasper_Schmeichel_168,27,90,15,3,2,50,FALSE,3
Kayne_Ramsay_311,23,0,4,3,0,40,FALSE,3
Keinan_Davis_34,21,0,8,3,0,45,TRUE,3
Kelechi_Iheanacho_167,27,0,15,3,0,59,FALSE,3
Kenny_McLean_286,26,9,6,3,1,50,TRUE,3
Ken_Sema_372,29,0,19,3,0,49,TRUE,3
Kepa_Arrizabalaga_111,26,90,14,3,2,55,FALSE,3
Kevin_Danso_532,23,90,4,3,6,45,FALSE,3
Kevin_De Bruyne_215,22,90,3,3,5,96,FALSE,3
Kevin_Long_88,30,0,20,3,0,45,FALSE,3
Kieran_Tierney_515,24,0,10,3,0,55,FALSE,3
Kieran_Trippier_334,28,0,13,3,0,55,TRUE,3
Kieron_Freeman_292,27,0,9,3,0,44,TRUE,3
Konstantinos_Mavropanos_8,24,0,10,3,0,44,FALSE,3
Kortney_Hause_25,21,0,8,3,0,45,TRUE,3
Kurt_Zouma_459,26,90,14,3,1,50,FALSE,3
Kyle_Walker-Peters_337,28,61,13,3,2,50,TRUE,3
Kyle_Walker_203,22,89,3,3,1,60,FALSE,3
Laurent_Koscielny_7,24,0,10,3,0,50,FALSE,3
Leander_Dendoncker_420,30,31,5,3,1,45,TRUE,3
Leandro_Trossard_421,23,90,16,3,2,60,TRUE,3
Lee_Grant_237,25,0,7,3,0,50,TRUE,3
Leighton_Baines_145,21,0,2,3,0,49,FALSE,3
Leon_Balogun_40,23,0,16,3,0,45,TRUE,3
Leroy_San√©_216,22,0,3,3,0,94,FALSE,3
Lewis_Cook_79,22,0,11,3,0,50,TRUE,3
Lewis_Dunk_42,23,90,16,3,1,46,TRUE,3
Lewis_Gibson_477,21,0,2,3,0,45,FALSE,3
Lloyd_Kelly_64,22,0,11,3,0,45,TRUE,3
Lovre_Kalinic_474,21,0,8,3,0,45,TRUE,3
Lucas_Digne_141,21,90,2,3,1,60,FALSE,3
Lucas_Rodrigues Moura da Silva_345,28,90,13,3,2,75,TRUE,3
Lucas_Torreira_19,24,29,10,3,6,49,FALSE,3
Lukasz_Fabianski_388,29,90,18,3,2,50,FALSE,3
Luka_Milivojevic_134,25,90,12,3,1,69,FALSE,3
Luke_Amos_351,28,0,13,3,0,45,TRUE,3
Luke_Dreher_140,25,0,12,3,0,45,FALSE,3
Luke_Freeman_441,27,90,9,3,2,55,TRUE,3
Luke_Shaw_226,25,33,7,3,1,55,TRUE,3
Lys_Mousset_70,27,0,9,3,0,49,TRUE,3
Maarten_Stekelenburg_149,21,0,2,3,0,40,FALSE,3
Mahmoud Ahmed_Ibrahim Hassan_465,21,85,8,3,2,55,TRUE,3
Mamadou_Sakho_125,25,0,12,3,0,50,FALSE,3
Manuel_Lanzini_391,29,87,18,3,5,65,FALSE,3
Marcos_Alonso_103,26,1,14,3,1,63,FALSE,3
Marcos_Rojo_227,25,0,7,3,0,49,TRUE,3
Marco_Stiepermann_285,26,80,6,3,1,55,TRUE,3
Marcus_Rashford_233,25,90,7,3,0,87,TRUE,3
Marc_Albrighton_174,27,0,15,3,0,55,FALSE,3
Marc_Navarro_360,29,0,19,3,0,40,TRUE,3
Mario_Lemina_324,23,0,4,3,0,49,FALSE,3
Mario_Vrancic_282,26,9,6,3,1,64,TRUE,3
Marko_Arnautovic_385,29,0,18,3,0,70,FALSE,3
Mark_Duffy_300,27,0,9,3,0,54,TRUE,3
Mark_Noble_396,29,90,18,3,9,50,FALSE,3
Mark_Travers_74,22,0,11,3,0,44,TRUE,3
Martin_Dubravka_262,28,90,17,3,6,50,FALSE,3
Martin_Kelly_128,25,90,12,3,2,40,FALSE,3
Mart√≠n_Montoya_38,23,90,16,3,0,45,TRUE,3
Marvelous_Nakamba_491,21,0,8,3,0,45,TRUE,3
Mason_Greenwood_234,25,34,7,3,1,45,TRUE,3
Mason_Holgate_478,21,0,2,3,0,45,FALSE,3
Mason_Mount_463,26,90,14,3,8,61,FALSE,3
Matej_Vydra_92,30,0,20,3,0,54,FALSE,3
Mateo_Kovacic_432,26,90,14,3,5,55,FALSE,3
Mathew_Ryan_47,23,90,16,3,1,46,TRUE,3
Matteo_Darmian_230,25,0,7,3,0,49,TRUE,3
Matteo_Guendouzi_21,24,85,10,3,2,45,FALSE,3
Matthew_Clarke_43,23,0,16,3,0,45,TRUE,3
Matthew_Lowton_85,30,90,20,3,2,45,FALSE,3
Matty_James_177,27,0,15,3,0,45,FALSE,3
Matt_Doherty_401,30,75,5,3,2,60,TRUE,3
Matt_Ritchie_251,28,90,17,3,5,55,FALSE,3
Matt_Targett_309,21,0,8,3,0,44,TRUE,3
Maximillian_Aarons_274,26,90,6,3,1,45,TRUE,3
Max_Kilman_408,30,0,5,3,0,40,TRUE,3
Max_Meyer_136,25,0,12,3,0,55,FALSE,3
Maya_Yoshida_310,23,0,4,3,0,45,FALSE,3
Mesut_√ñzil_15,24,0,10,3,0,74,FALSE,3
Michael_Keane_143,21,90,2,3,1,55,FALSE,3
Michael_McGovern_281,26,0,6,3,0,40,TRUE,3
Michael_Obafemi_314,23,0,4,3,0,50,FALSE,3
Michael_Verrips_521,27,0,9,3,0,45,TRUE,3
Michail_Antonio_389,29,35,18,3,4,70,FALSE,3
Michy_Batshuayi_461,26,0,14,3,0,68,FALSE,3
Miguel_Almir√≥n_266,28,90,17,3,3,60,FALSE,3
Mohamed_Elneny_20,24,0,10,3,0,45,FALSE,3
Mohamed_Elyounoussi_322,23,0,4,3,0,54,FALSE,3
Mohamed_Salah_191,24,90,1,3,15,125,TRUE,3
Moise_Kean_496,21,28,2,3,1,69,FALSE,3
Morgan_Gibbs-White_416,30,66,5,3,2,50,TRUE,3
Morgan_Schneiderlin_158,21,90,2,3,2,45,FALSE,3
Moritz_Leitner_288,26,80,6,3,2,45,TRUE,3
Moussa_Djenepo_438,23,37,4,3,5,54,FALSE,3
Moussa_Sissoko_349,28,90,13,3,2,50,TRUE,3
Muhamed_Be≈°iƒá_522,27,0,9,3,0,45,TRUE,3
N'Golo_Kant√©_119,26,0,14,3,0,50,FALSE,3
Naby_Keita_196,24,0,1,3,0,59,TRUE,3
Nacho_Monreal_6,24,90,10,3,1,50,FALSE,3
Nampalys_Mendy_179,27,1,15,3,1,45,FALSE,3
Nathaniel_Chalobah_374,29,0,19,3,0,45,TRUE,3
Nathan_Ak√©_59,22,90,11,3,1,50,TRUE,3
Nathan_Redmond_320,23,90,4,3,10,64,FALSE,3
Neal_Maupay_502,23,73,16,3,2,60,TRUE,3
Neil_Taylor_24,21,90,8,3,6,45,TRUE,3
Nemanja_Matic_247,25,0,7,3,0,49,TRUE,3
Nick_Pope_93,30,90,20,3,2,45,FALSE,3
Nicolas_P√©p√©_488,24,90,10,3,2,94,FALSE,3
Nicol√°s_Otamendi_208,22,90,3,3,1,54,FALSE,3
Oleksandr_Zinchenko_206,22,90,3,3,2,55,FALSE,3
Oliver_McBurnie_501,27,36,9,3,6,60,TRUE,3
Oliver_Norwood_302,27,90,9,3,2,50,TRUE,3
Oliver_Skipp_352,28,0,13,3,0,45,TRUE,3
Olivier_Giroud_110,26,15,14,3,1,70,FALSE,3
Onel_Hern√°ndez_284,26,0,6,3,0,54,TRUE,3
Oriol_Romeu Vidal_328,23,90,4,3,3,45,FALSE,3
Pablo_Fornals_399,29,12,18,3,1,64,FALSE,3
Pablo_Zabaleta_379,29,0,18,3,0,45,FALSE,3
Pascal_Gro√ü_49,23,12,16,3,1,65,TRUE,3
Patrick_Cutrone_487,30,0,5,3,0,59,TRUE,3
Patrick_Roberts_435,26,0,6,3,0,54,TRUE,3
Patrick_van Aanholt_123,25,90,12,3,10,55,FALSE,3
Paulo_Gazzaniga_341,28,0,13,3,0,45,TRUE,3
Paul_Dummett_255,28,90,17,3,7,45,FALSE,3
Paul_Pogba_238,25,90,7,3,2,86,TRUE,3
Pedro_Lomba Neto_528,30,23,5,3,1,50,TRUE,3
Pedro_Obiang_400,29,0,18,3,0,45,FALSE,3
Pedro_Rodr√≠guez Ledesma_114,26,0,14,3,0,70,FALSE,3
Philip_Billing_476,22,90,11,3,2,50,TRUE,3
Philip_Heise_484,26,0,6,3,0,40,TRUE,3
Phil_Bardsley_86,30,0,20,3,0,45,FALSE,3
Phil_Foden_220,22,0,3,3,0,54,FALSE,3
Phil_Jagielka_444,27,0,9,3,0,44,TRUE,3
Phil_Jones_231,25,0,7,3,0,49,TRUE,3
Pierre-Emerick_Aubameyang_11,24,90,10,3,5,110,FALSE,3
Pierre-Emile_H√∏jbjerg_325,23,90,4,3,2,50,FALSE,3
Pontus_Dahlberg_367,29,0,19,3,0,45,TRUE,3
Rachid_Ghezzal_173,27,0,15,3,0,54,FALSE,3
Rafael_Camacho_201,24,0,1,3,0,45,TRUE,3
Raheem_Sterling_214,22,90,3,3,8,122,FALSE,3
Ralf_Fahrmann_449,26,0,6,3,0,45,TRUE,3
Ravel_Morrison_456,27,12,9,3,1,49,TRUE,3
Ra√∫l_Jim√©nez_409,30,90,5,3,9,75,TRUE,3
Reece_James_506,26,0,14,3,0,50,FALSE,3
Reiss_Nelson_489,24,0,10,3,0,55,FALSE,3
Rhian_Brewster_464,24,0,1,3,0,45,TRUE,3
Ricardo Domingos_Barbosa Pereira_159,27,90,15,3,2,60,FALSE,3
Richard_Stearman_296,27,0,9,3,0,40,TRUE,3
Richarlison_de Andrade_150,21,77,2,3,2,80,FALSE,3
Riyad_Mahrez_217,22,11,3,3,1,85,FALSE,3
Robbie_Brady_98,30,0,20,3,0,55,FALSE,3
Robert Kenedy_Nunes do Nascimento_462,26,0,14,3,0,54,FALSE,3
Roberto_Firmino_187,24,85,1,3,2,95,TRUE,3
Roberto_Jimenez Gago_450,29,0,18,3,0,45,FALSE,3
Roberto_Pereyra_369,29,0,19,3,0,59,TRUE,3
Robert_Snodgrass_393,29,0,18,3,0,55,FALSE,3
Rob_Holding_10,24,0,10,3,0,45,FALSE,3
Rodrigo_Hernandez_443,22,32,3,3,1,55,FALSE,3
Rolando_Aarons_499,28,0,17,3,0,50,FALSE,3
Romain_Sa√Øss_407,30,0,5,3,0,45,TRUE,3
Romelu_Lukaku_232,25,0,7,3,0,85,TRUE,3
Ross_Barkley_117,26,90,14,3,2,59,FALSE,3
Ruben_Loftus-Cheek_115,26,0,14,3,0,65,FALSE,3
Rui Pedro_dos Santos Patr√≠cio_411,30,90,5,3,3,50,TRUE,3
Ryan_Bennett_404,30,90,5,3,2,50,TRUE,3
Ryan_Bertrand_305,23,0,4,3,0,50,FALSE,3
Ryan_Fraser_75,22,90,11,3,2,74,TRUE,3
Ryan_Fredericks_380,29,90,18,3,2,45,FALSE,3
Ryan_Sessegnon_524,28,0,13,3,0,55,TRUE,3
R√∫ben Diogo_da Silva Neves_414,30,90,5,3,2,55,TRUE,3
R√∫ben Gon√ßalo_Silva Nascimento Vinagre_406,30,0,5,3,0,45,TRUE,3
Sadio_Man√©_192,24,76,1,3,3,115,TRUE,3
Sam_Byram_454,26,0,6,3,0,45,TRUE,3
Sam_Gallagher_316,23,0,4,3,0,45,FALSE,3
Sam_Surridge_71,22,0,11,3,0,45,TRUE,3
Scott_Dann_127,25,0,12,3,0,45,FALSE,3
Scott_McTominay_248,25,84,7,3,2,50,TRUE,3
Sead_Kolasinac_3,24,0,10,3,0,54,FALSE,3
Seamus_Coleman_144,21,90,2,3,0,55,FALSE,3
Sean_Longstaff_270,28,90,17,3,3,50,FALSE,3
Sebastian_Pr√∂dl_361,29,0,19,3,0,40,TRUE,3
Serge_Aurier_336,28,0,13,3,0,50,TRUE,3
Sergio_Ag√ºero_210,22,90,3,3,13,120,FALSE,3
Sergio_Romero_236,25,0,7,3,0,49,TRUE,3
Shane_Duffy_37,23,90,16,3,1,50,TRUE,3
Shane_Long_315,23,0,4,3,0,49,FALSE,3
Shkodran_Mustafi_1,24,0,10,3,0,54,FALSE,3
Simon_Francis_62,22,0,11,3,0,45,TRUE,3
Simon_Mignolet_190,24,0,1,3,0,45,TRUE,3
Simon_Moore_436,27,0,9,3,0,45,TRUE,3
Sofiane_Boufal_508,23,10,4,3,4,55,FALSE,3
Sokratis_Papastathopoulos_5,24,90,10,3,1,50,FALSE,3
Solomon_March_55,23,67,16,3,2,50,TRUE,3
Steven_Defour_99,30,0,20,3,0,55,FALSE,3
Steve_Cook_58,22,90,11,3,1,50,TRUE,3
Stuart_Armstrong_323,23,6,4,3,1,54,FALSE,3
Sung-yueng_Ki_268,28,0,17,3,0,50,FALSE,3
S√©bastien_Haller_457,29,90,18,3,13,74,FALSE,3
Tahith_Chong_249,25,0,7,3,0,45,TRUE,3
Tammy_Abraham_460,26,74,14,3,13,70,FALSE,3
Tanguy_Ndombele_442,28,0,13,3,0,61,TRUE,3
Teemu_Pukki_278,26,90,6,3,11,68,TRUE,3
Theo_Walcott_153,21,12,2,3,1,64,FALSE,3
Timm_Klose_272,26,0,6,3,0,45,TRUE,3
Tim_Krul_280,26,90,6,3,2,45,TRUE,3
Toby_Alderweireld_331,28,90,13,3,2,55,TRUE,3
Todd_Cantwell_287,26,90,6,3,7,46,TRUE,3
Tom_Cleverley_371,29,85,19,3,2,50,TRUE,3
Tom_Davies_154,21,0,2,3,0,55,FALSE,3
Tom_Heaton_94,21,90,8,3,6,45,TRUE,3
Tom_Trybull_290,26,80,6,3,2,45,TRUE,3
Trent_Alexander-Arnold_182,24,90,1,3,5,70,TRUE,3
Troy_Deeney_362,29,0,19,3,0,64,TRUE,3
Troy_Parrott_509,28,0,13,3,0,45,TRUE,3
Tyreke_Johnson_326,23,0,4,3,0,45,FALSE,3
Tyrone_Mings_445,21,90,8,3,7,45,TRUE,3
Vicente_Guaita_131,25,90,12,3,1,50,FALSE,3
Victor_Lindel√∂f_225,25,90,7,3,1,55,TRUE,3
Victor_Wanyama_348,28,0,13,3,0,50,TRUE,3
Vincent_Janssen_339,28,0,13,3,0,45,TRUE,3
Virgil_van Dijk_183,24,90,1,3,2,65,TRUE,3
V√≠ctor_Camarasa_510,25,0,12,3,0,50,FALSE,3
Wayne_Hennessey_132,25,0,12,3,0,45,FALSE,3
Wesley_Hoedt_485,23,0,4,3,0,45,FALSE,3
Wesley_Moraes_428,21,90,8,3,9,60,TRUE,3
Wes_Morgan_165,27,12,15,3,1,44,FALSE,3
Wilfred_Ndidi_176,27,0,15,3,0,50,FALSE,3
Wilfried_Zaha_133,25,90,12,3,1,69,FALSE,3
Willian_Borges Da Silva_113,26,6,14,3,1,70,FALSE,3
Willy_Boly_405,30,90,5,3,4,50,TRUE,3
Willy_Caballero_112,26,0,14,3,0,50,FALSE,3
Will_Hughes_370,29,73,19,3,5,55,TRUE,3
Will_Norris_413,30,0,5,3,0,40,TRUE,3
Winston_Reid_383,29,0,18,3,0,40,FALSE,3
Xherdan_Shaqiri_194,24,0,1,3,0,64,TRUE,3
Yan_Valery_306,23,52,4,3,1,50,FALSE,3
Yerry_Mina_142,21,90,2,3,1,56,FALSE,3
Yoshinori_Muto_260,28,2,17,3,1,54,FALSE,3
Youri_Tielemans_448,27,88,15,3,2,65,FALSE,3
Yves_Bissouma_53,23,0,16,3,0,50,TRUE,3
√áaglar_S√∂y√ºnc√º_164,27,90,15,3,5,45,FALSE,3
√òrjan_Nyland_27,21,0,8,3,0,45,TRUE,3
Aaron_Connolly_534,37,24,11,4,1,45,FALSE,4
Aaron_Cresswell_376,40,0,14,4,0,49,TRUE,4
Aaron_Lennon_430,32,90,10,4,2,49,TRUE,4
Aaron_Mooy_516,37,0,11,4,0,50,FALSE,4
Aaron_Ramsdale_494,36,90,9,4,1,45,FALSE,4
Aaron_Wan-Bissaka_122,39,90,16,4,2,56,FALSE,4
Abdoulaye_Doucour√©_368,38,70,13,4,1,59,FALSE,4
Adama_Traor√©_417,35,90,8,4,2,50,FALSE,4
Adam_Lallana_195,32,0,5,4,0,59,FALSE,4
Adam_Masina_355,38,0,13,4,0,44,FALSE,4
Adam_Smith_63,36,63,9,4,1,45,FALSE,4
Adam_Webster_493,37,90,11,4,0,44,FALSE,4
Ademola_Lookman_155,35,0,20,4,0,50,TRUE,4
Adrian_Mariappa_356,38,0,13,4,0,44,FALSE,4
Adri√°n_San Miguel del Castillo_526,32,90,5,4,6,45,FALSE,4
Ahmed_El Mohamady_22,34,0,7,4,0,45,FALSE,4
Ainsley_Maitland-Niles_4,31,90,17,4,1,51,TRUE,4
Albian_Ajeti_514,40,0,14,4,0,59,TRUE,4
Alexander_Tettey_289,40,0,19,4,0,45,FALSE,4
Alexandre Nascimento_Costa Silva_387,40,0,14,4,0,45,TRUE,4
Alexandre_Lacazette_12,31,66,17,4,5,95,TRUE,4
Alexis_S√°nchez_240,39,0,16,4,0,69,FALSE,4
Alex_Iwobi_17,35,75,20,4,9,59,TRUE,4
Alex_McCarthy_318,39,0,12,4,0,44,TRUE,4
Alex_Oxlade-Chamberlain_193,32,19,5,4,1,64,FALSE,4
Alireza_Jahanbakhsh_50,37,0,11,4,0,59,FALSE,4
Alisson_Ramses Becker_189,32,0,5,4,0,58,FALSE,4
Allan_Saint-Maximin_500,38,0,18,4,0,54,TRUE,4
Andreas_Christensen_108,33,0,15,4,0,50,TRUE,4
Andreas_Pereira_246,39,67,16,4,2,50,FALSE,4
Andrew_Robertson_181,32,90,5,4,6,69,FALSE,4
Andrew_Surman_80,36,11,9,4,1,49,FALSE,4
Andre_Gray_364,38,81,13,4,2,59,FALSE,4
Andre_Green_32,34,0,7,4,0,49,FALSE,4
Andriy_Yarmolenko_392,40,70,14,4,8,59,TRUE,4
Andros_Townsend_135,34,6,2,4,1,59,TRUE,4
Andr√© Filipe_Tavares Gomes_422,35,90,20,4,2,54,TRUE,4
Andy_Carroll_520,38,0,18,4,0,55,TRUE,4
Andy_King_480,36,0,3,4,0,44,TRUE,4
Andy_Lonergan_530,32,0,5,4,0,45,FALSE,4
Angelo_Ogbonna_377,40,90,14,4,6,45,TRUE,4
Angel_Gomes_245,39,0,16,4,0,49,FALSE,4
Angus_Gunn_319,39,90,12,4,5,45,TRUE,4
Anthony_Knockaert_52,37,0,11,4,0,54,FALSE,4
Anthony_Martial_239,39,0,16,4,0,77,FALSE,4
Antonio_R√ºdiger_104,33,0,15,4,0,60,TRUE,4
Anwar_El Ghazi_30,34,0,7,4,0,55,FALSE,4
Arnaut_Danjuma Groeneveld_492,36,0,9,4,0,59,FALSE,4
Arthur_Masuaku_378,40,90,14,4,12,45,TRUE,4
Artur_Boruc_73,36,0,9,4,0,44,FALSE,4
Ashley_Barnes_90,32,72,10,4,2,67,TRUE,4
Ashley_Westwood_101,32,90,10,4,2,54,TRUE,4
Ashley_Young_224,39,90,16,4,1,54,FALSE,4
Asmir_Begovic_72,36,0,9,4,0,44,FALSE,4
Axel_Tuanzebe_481,39,0,16,4,0,44,FALSE,4
Aymeric_Laporte_202,37,36,4,4,0,65,TRUE,4
Ayoze_P√©rez_265,36,0,3,4,0,63,TRUE,4
Bailey_Peacock-Farrell_495,32,0,10,4,0,45,TRUE,4
Bamidele_Alli_344,31,30,1,4,1,84,FALSE,4
Benjamin_Chilwell_161,36,90,3,4,5,54,TRUE,4
Benjamin_Mendy_204,37,0,4,4,0,59,TRUE,4
Ben_Davies_329,31,0,1,4,0,55,FALSE,4
Ben_Foster_366,38,90,13,4,5,49,FALSE,4
Ben_Gibson_89,32,0,10,4,0,40,TRUE,4
Ben_Godfrey_273,40,90,19,4,1,45,FALSE,4
Ben_Johnson_384,40,0,14,4,0,40,TRUE,4
Ben_Mee_83,32,90,10,4,1,50,TRUE,4
Ben_Osborn_472,33,6,6,4,1,49,FALSE,4
Beram_Kayal_56,37,0,11,4,0,44,FALSE,4
Bernardo Mota_Veiga de Carvalho e Silva_218,37,12,4,4,6,79,TRUE,4
Bernardo_Fernandes da Silva Junior_39,37,66,11,4,1,45,FALSE,4
Bernard_An√≠cio Caldeira Duarte_152,35,14,20,4,1,65,TRUE,4
Bernd_Leno_14,31,90,17,4,3,50,TRUE,4
Billy_Gilmour_533,33,6,15,4,1,45,TRUE,4
Billy_Sharp_298,33,0,6,4,0,59,FALSE,4
Birkir_Bjarnason_33,34,0,7,4,0,45,FALSE,4
Bjorn_Engels_455,34,90,7,4,2,45,FALSE,4
Callum_Hudson-Odoi_116,33,0,15,4,0,60,TRUE,4
Callum_Robinson_453,33,90,6,4,11,53,FALSE,4
Callum_Slattery_327,39,0,12,4,0,45,TRUE,4
Callum_Wilson_67,36,90,9,4,5,79,FALSE,4
Calum_Chambers_467,31,0,17,4,0,45,TRUE,4
Caoimhin_Kelleher_531,32,0,5,4,0,45,FALSE,4
Carlos_S√°nchez_397,40,5,14,4,1,45,TRUE,4
Carl_Jenkinson_9,31,0,17,4,0,45,TRUE,4
Cenk_Tosun_146,35,0,20,4,0,58,TRUE,4
Charlie_Austin_312,39,0,12,4,0,60,TRUE,4
Charlie_Daniels_60,36,0,9,4,0,45,FALSE,4
Charlie_Taylor_87,32,0,10,4,0,44,TRUE,4
Cheikhou_Kouyat√©_139,34,90,2,4,2,49,TRUE,4
Che_Adams_437,39,61,12,4,2,58,TRUE,4
Christian_Atsu_267,38,81,18,4,2,54,TRUE,4
Christian_Benteke_129,34,4,2,4,1,59,TRUE,4
Christian_Eriksen_343,31,90,1,4,8,88,FALSE,4
Christian_Fuchs_163,36,4,3,4,1,45,TRUE,4
Christian_Kabasele_354,38,90,13,4,2,44,FALSE,4
Christian_Pulisic_431,33,90,15,4,5,75,TRUE,4
Christoph_Zimmermann_275,40,35,19,4,1,45,FALSE,4
Chris_Basham_423,33,83,6,4,1,45,FALSE,4
Chris_Mepham_61,36,90,9,4,1,45,FALSE,4
Chris_Smalling_223,39,0,16,4,0,54,FALSE,4
Chris_Wood_91,32,90,10,4,0,63,TRUE,4
Ciaran_Clark_259,38,0,18,4,0,44,TRUE,4
Claudio_Bravo_213,37,0,4,4,0,49,TRUE,4
Connor_Wickham_130,34,0,2,4,0,45,TRUE,4
Conor_Coady_403,35,90,8,4,1,50,FALSE,4
Conor_Hourihane_28,34,19,7,4,1,58,FALSE,4
Craig_Cathcart_358,38,90,13,4,1,44,FALSE,4
Craig_Dawson_439,38,90,13,4,1,50,FALSE,4
C√©dric_Soares_486,39,90,12,4,2,49,TRUE,4
C√©sar_Azpilicueta_105,33,90,15,4,1,60,TRUE,4
Dale_Stephens_57,37,90,11,4,2,45,FALSE,4
Daniel_Amartey_178,36,0,3,4,0,45,TRUE,4
Daniel_Ceballos Fern√°ndez_469,31,27,17,4,1,57,TRUE,4
Daniel_Drinkwater_120,32,0,10,4,0,45,TRUE,4
Daniel_James_243,39,90,16,4,8,60,FALSE,4
Daniel_N'Lundulu_535,39,0,12,4,0,45,TRUE,4
Danilo Luiz_da Silva_209,37,0,4,4,0,50,TRUE,4
Danny_Ings_313,39,76,12,4,2,60,TRUE,4
Danny_Rose_332,31,90,1,4,0,55,FALSE,4
Danny_Ward_170,36,0,3,4,0,45,TRUE,4
Danny_Welbeck_512,38,0,13,4,0,60,FALSE,4
Dan_Burn_475,37,90,11,4,0,45,FALSE,4
Dan_Gosling_81,36,0,9,4,0,49,FALSE,4
Daryl_Janmaat_359,38,90,13,4,2,44,FALSE,4
Davide_Zappacosta_109,33,0,15,4,0,44,TRUE,4
David_Brooks_76,36,0,9,4,0,64,FALSE,4
David_Button_48,37,0,11,4,0,40,FALSE,4
David_de Gea_235,39,90,16,4,2,56,FALSE,4
David_Luiz Moreira Marinho_106,31,90,17,4,1,59,TRUE,4
David_McGoldrick_303,33,27,6,4,1,55,FALSE,4
David_Silva_219,37,77,4,4,10,74,TRUE,4
Davinson_S√°nchez_333,31,90,1,4,0,55,FALSE,4
Davy_Pr√∂pper_54,37,90,11,4,2,50,FALSE,4
DeAndre_Yedlin_253,38,0,18,4,0,45,TRUE,4
Dean_Henderson_471,33,90,6,4,2,45,FALSE,4
Declan_Rice_395,40,90,14,4,3,49,TRUE,4
Dejan_Lovren_186,32,0,5,4,0,54,FALSE,4
Demarai_Gray_175,36,26,3,4,1,54,TRUE,4
Dennis_Praet_517,36,0,3,4,0,55,TRUE,4
Dennis_Srbeny_279,40,0,19,4,0,54,FALSE,4
Diego_Rico_65,36,0,9,4,0,40,FALSE,4
Diogo_Jota_410,35,22,8,4,1,64,FALSE,4
Divock_Origi_188,32,5,5,4,1,55,FALSE,4
Djibril_Sidib√©_511,35,0,20,4,0,54,TRUE,4
Domingos_Quina_375,38,0,13,4,0,45,FALSE,4
Dominic_Calvert-Lewin_147,35,14,20,4,1,59,TRUE,4
Dominic_Solanke_69,36,26,9,4,1,54,FALSE,4
Douglas Luiz_Soares de Paulo_470,34,70,7,4,2,46,FALSE,4
Dwight_McNeil_97,32,90,10,4,2,60,TRUE,4
Ederson_Santana de Moraes_212,37,90,4,4,6,61,TRUE,4
Edward_Nketiah_13,31,0,17,4,0,44,TRUE,4
Eldin_Jakupovic_169,36,0,3,4,0,45,TRUE,4
Emerson_Palmieri dos Santos_107,33,90,15,4,1,55,TRUE,4
Emiliano_Buend√≠a_283,40,90,19,4,2,60,FALSE,4
Emiliano_Mart√≠nez_427,31,0,17,4,0,45,TRUE,4
Emil_Krafth_519,38,77,18,4,2,45,TRUE,4
Enda_Stevens_291,33,90,6,4,5,50,FALSE,4
Eric_Bailly_228,39,0,16,4,0,49,FALSE,4
Eric_Dier_350,31,0,1,4,0,50,FALSE,4
Erik_Lamela_346,31,59,1,4,3,60,FALSE,4
Erik_Pieters_447,32,90,10,4,1,46,TRUE,4
Ethan_Ampadu_121,33,0,15,4,0,45,TRUE,4
Etienne_Capoue_373,38,0,13,4,0,49,FALSE,4
Ezri_Konsa Ngoyo_452,34,0,7,4,0,44,FALSE,4
Fabian_Delph_205,35,90,20,4,0,54,TRUE,4
Fabian_Sch√§r_252,38,84,18,4,8,50,TRUE,4
Fabio Henrique_Tavares_197,32,90,5,4,3,55,FALSE,4
Fabi√°n_Balbuena_382,40,0,14,4,0,44,TRUE,4
Federico_Fern√°ndez_254,38,5,18,4,1,45,TRUE,4
Felipe Anderson_Pereira Gomes_390,40,87,14,4,3,69,TRUE,4
Fernando_Luiz Rosa_221,37,53,4,4,1,53,TRUE,4
Fikayo_Tomori_529,33,90,15,4,1,45,TRUE,4
Florian_Lejeune_257,38,0,18,4,0,45,TRUE,4
Florin_Andone_46,37,0,11,4,0,50,FALSE,4
Francisco_Femen√≠a Far_357,38,90,13,4,2,45,FALSE,4
Fraser_Forster_317,39,0,12,4,0,45,TRUE,4
Frederick_Woodman_264,38,0,18,4,0,40,TRUE,4
Frederico_Rodrigues de Paula Santos_244,39,0,16,4,0,54,FALSE,4
Fr√©d√©ric_Guilbert_458,34,90,7,4,1,44,FALSE,4
Gabriel Fernando_de Jesus_211,37,0,4,4,0,95,TRUE,4
Gabriel Teodoro_Martinelli Silva_504,31,0,17,4,0,45,TRUE,4
Gary_Cahill_503,34,90,2,4,7,45,TRUE,4
Ga√´tan_Bong_41,37,0,11,4,0,44,FALSE,4
Georges-K√©vin_Nkoudou_527,31,0,1,4,0,50,FALSE,4
George_Baldock_294,33,90,6,4,1,45,FALSE,4
Georginio_Wijnaldum_199,32,90,5,4,3,55,FALSE,4
Gerard_Deulofeu_363,38,8,13,4,1,63,FALSE,4
Giovani_Lo Celso_523,31,11,1,4,1,74,FALSE,4
Glenn_Murray_44,37,23,11,4,1,59,FALSE,4
Grady_Diangana_398,40,0,14,4,0,44,TRUE,4
Granit_Xhaka_18,31,90,17,4,1,54,TRUE,4
Grant_Hanley_277,40,0,19,4,0,40,FALSE,4
Gylfi_Sigurdsson_151,35,90,20,4,5,78,TRUE,4
Hamza_Choudhury_180,36,19,3,4,1,45,TRUE,4
Harry_Kane_338,31,90,1,4,6,111,FALSE,4
Harry_Maguire_160,39,90,16,4,1,55,FALSE,4
Harry_Wilson_505,36,63,9,4,2,60,FALSE,4
Harry_Winks_347,31,90,1,4,1,55,FALSE,4
Harvey_Barnes_172,36,70,3,4,2,59,TRUE,4
Henrikh_Mkhitaryan_16,31,23,17,4,1,69,TRUE,4
Henri_Lansbury_35,34,5,7,4,1,44,FALSE,4
Heung-Min_Son_342,31,78,1,4,5,95,FALSE,4
Heurelho da Silva_Gomes_513,38,0,13,4,0,45,FALSE,4
Hugo_Lloris_340,31,90,1,4,3,55,FALSE,4
H√©ctor_Beller√≠n_2,31,0,17,4,0,55,TRUE,4
H√©lder_Costa_418,35,0,8,4,0,50,FALSE,4
Ibrahim_Amadou_507,40,54,19,4,1,45,FALSE,4
Idrissa_Gueye_156,35,0,20,4,0,50,TRUE,4
Ilkay_G√ºndogan_222,37,21,4,4,1,54,TRUE,4
Isaac_Hayden_271,38,90,18,4,6,45,TRUE,4
Isaac_Success Ajayi_365,38,19,13,4,1,49,FALSE,4
Isma√Øla_Sarr_525,38,0,13,4,0,65,FALSE,4
Issa_Diop_381,40,90,14,4,8,45,TRUE,4
Ivan_Cavaleiro_419,35,0,8,4,0,50,FALSE,4
Jack_Colback_482,38,0,18,4,0,44,TRUE,4
Jack_Cork_102,32,90,10,4,2,50,TRUE,4
Jack_Grealish_29,34,90,7,4,1,60,FALSE,4
Jack_O'Connell_293,33,90,6,4,1,45,FALSE,4
Jack_Simpson_66,36,0,9,4,0,40,FALSE,4
Jack_Stacey_446,36,0,9,4,0,44,FALSE,4
Jack_Stephens_308,39,0,12,4,0,45,TRUE,4
Jack_Wilshere_394,40,0,14,4,0,49,TRUE,4
Jacob_Murphy_483,38,0,18,4,0,49,TRUE,4
Jake_Eastwood_299,33,0,6,4,0,44,FALSE,4
Jamaal_Lascelles_258,38,90,18,4,2,45,TRUE,4
Jamal_Lewis_276,40,90,19,4,1,45,FALSE,4
James_Chester_23,34,0,7,4,0,44,FALSE,4
James_Garner_250,39,0,16,4,0,44,FALSE,4
James_Justin_433,36,0,3,4,0,49,TRUE,4
James_Maddison_171,36,85,3,4,2,71,TRUE,4
James_McArthur_138,34,90,2,4,3,54,TRUE,4
James_McCarthy_157,34,0,2,4,0,45,TRUE,4
James_Milner_200,32,0,5,4,0,55,FALSE,4
James_Tarkowski_84,32,90,10,4,1,50,TRUE,4
James_Tomkins_124,34,0,2,4,0,50,TRUE,4
James_Ward-Prowse_321,39,90,12,4,2,59,TRUE,4
Jamie_Vardy_166,36,90,3,4,16,89,TRUE,4
Jannik_Vestergaard_304,39,90,12,4,11,50,TRUE,4
Jan_Bednarek_307,39,90,12,4,2,45,TRUE,4
Jan_Vertonghen_330,31,90,1,4,1,53,FALSE,4
Javier_Hern√°ndez Balc√°zar_386,40,0,14,4,0,60,TRUE,4
Javier_Manquillo_256,38,12,18,4,1,45,TRUE,4
Jay_Rodriguez_451,32,17,10,4,1,58,TRUE,4
Jean-Philippe_Gbamin_497,35,0,20,4,0,50,TRUE,4
Jed_Steer_429,34,0,7,4,0,45,FALSE,4
Jefferson_Lerma_82,36,90,9,4,1,50,FALSE,4
Jeffrey_Schlupp_137,34,83,2,4,3,55,TRUE,4
Jeff_Hendrick_100,32,0,10,4,0,54,TRUE,4
Jesse_Lingard_241,39,22,16,4,1,65,FALSE,4
Jes√∫s_Vallejo L√°zaro_473,35,0,8,4,0,49,FALSE,4
Jetro_Willems_498,38,90,18,4,2,45,TRUE,4
Joelinton C√°ssio_Apolin√°rio de Lira_466,38,90,18,4,2,59,TRUE,4
Joel_Matip_185,32,90,5,4,6,54,FALSE,4
Joel_Ward_126,34,90,2,4,8,45,TRUE,4
Joe_Hart_95,32,0,10,4,0,44,TRUE,4
Johann Berg_Gudmundsson_96,32,0,10,4,0,60,TRUE,4
John_Egan_295,33,90,6,4,1,45,FALSE,4
John_Fleck_301,33,0,6,4,0,49,FALSE,4
John_Lundstram_297,33,90,6,4,1,42,FALSE,4
John_McGinn_31,34,90,7,4,2,56,FALSE,4
John_Ruddy_412,35,0,8,4,0,45,FALSE,4
John_Stones_207,37,0,4,4,0,54,TRUE,4
Jonas_L√∂ssl_479,35,0,20,4,0,44,TRUE,4
Jonathan_Castro Otto_402,35,0,8,4,0,55,FALSE,4
Jonathan_Kodjia_26,34,0,7,4,0,54,FALSE,4
Jonjo_Shelvey_269,38,0,18,4,0,50,TRUE,4
Jonny_Evans_162,36,90,3,4,2,50,TRUE,4
Jordan_Ayew_468,34,85,2,4,9,50,TRUE,4
Jordan_Henderson_198,32,70,5,4,3,55,FALSE,4
Jordan_Pickford_148,35,90,20,4,2,56,TRUE,4
Jordon_Ibe_78,36,26,9,4,1,49,FALSE,4
Jorge Luiz_Frello Filho_118,33,90,15,4,7,50,TRUE,4
Jose Luis_Mato Sanmart√≠n_261,38,0,18,4,0,50,TRUE,4
Joseph_Gomez_184,32,0,5,4,0,54,FALSE,4
Joseph_Willock_490,31,0,17,4,0,50,TRUE,4
Joshua_King_68,36,78,9,4,2,64,FALSE,4
Josip_Drmic_434,40,13,19,4,1,54,FALSE,4
Jos√© Diogo_Dalot Teixeira_229,39,0,16,4,0,49,FALSE,4
Jos√© Heriberto_Izquierdo Mena_51,37,0,11,4,0,55,FALSE,4
Jos√© Ignacio_Peleteiro Romallo_36,34,58,7,4,1,59,FALSE,4
Jos√© √Ångel_Esmor√≠s Tasende_440,37,0,4,4,0,48,TRUE,4
Jos√©_Holebas_353,38,0,13,4,0,49,FALSE,4
Jo√£o Filipe Iria_Santos Moutinho_415,35,31,8,4,1,55,FALSE,4
Jo√£o Pedro Cavaco_Cancelo_518,37,0,4,4,0,55,TRUE,4
Juan_Foyth_335,31,0,1,4,0,50,FALSE,4
Juan_Mata_242,39,67,16,4,2,64,FALSE,4
Junior_Stanislas_77,36,0,9,4,0,60,FALSE,4
J√ºrgen_Locadia_45,37,0,11,4,0,54,FALSE,4
Karl_Darlow_263,38,0,18,4,0,45,TRUE,4
Kasper_Schmeichel_168,36,90,3,4,2,50,TRUE,4
Kayne_Ramsay_311,39,0,12,4,0,40,TRUE,4
Keinan_Davis_34,34,31,7,4,1,45,FALSE,4
Kelechi_Iheanacho_167,36,0,3,4,0,59,TRUE,4
Kenny_McLean_286,40,12,19,4,1,50,FALSE,4
Ken_Sema_372,38,0,13,4,0,49,FALSE,4
Kepa_Arrizabalaga_111,33,90,15,4,1,55,TRUE,4
Kevin_Danso_532,39,72,12,4,2,45,TRUE,4
Kevin_De Bruyne_215,37,68,4,4,13,97,TRUE,4
Kevin_Long_88,32,0,10,4,0,45,TRUE,4
Kieran_Tierney_515,31,0,17,4,0,54,TRUE,4
Kieran_Trippier_334,31,0,1,4,0,55,FALSE,4
Kieron_Freeman_292,33,0,6,4,0,44,FALSE,4
Konstantinos_Mavropanos_8,31,0,17,4,0,44,TRUE,4
Kortney_Hause_25,34,0,7,4,0,45,FALSE,4
Kurt_Zouma_459,33,90,15,4,-1,50,TRUE,4
Kyle_Walker-Peters_337,31,0,1,4,0,50,FALSE,4
Kyle_Walker_203,37,90,4,4,6,60,TRUE,4
Laurent_Koscielny_7,31,0,17,4,0,50,TRUE,4
Leander_Dendoncker_420,35,90,8,4,2,45,FALSE,4
Leandro_Trossard_421,37,73,11,4,2,60,FALSE,4
Lee_Grant_237,39,0,16,4,0,49,FALSE,4
Leighton_Baines_145,35,0,20,4,0,49,TRUE,4
Leon_Balogun_40,37,0,11,4,0,44,FALSE,4
Leroy_San√©_216,37,0,4,4,0,94,TRUE,4
Lewis_Cook_79,36,0,9,4,0,50,FALSE,4
Lewis_Dunk_42,37,90,11,4,-1,46,FALSE,4
Lewis_Gibson_477,35,0,20,4,0,44,TRUE,4
Lloyd_Kelly_64,36,0,9,4,0,44,FALSE,4
Lovre_Kalinic_474,34,0,7,4,0,45,FALSE,4
Lucas_Digne_141,35,90,20,4,5,61,TRUE,4
Lucas_Rodrigues Moura da Silva_345,31,0,1,4,0,75,FALSE,4
Lucas_Torreira_19,31,62,17,4,2,49,TRUE,4
Lukasz_Fabianski_388,40,90,14,4,7,50,TRUE,4
Luka_Milivojevic_134,34,90,2,4,2,69,TRUE,4
Luke_Amos_351,31,0,1,4,0,45,FALSE,4
Luke_Dreher_140,34,0,2,4,0,45,TRUE,4
Luke_Freeman_441,33,78,6,4,2,54,FALSE,4
Luke_Shaw_226,39,0,16,4,0,55,FALSE,4
Lys_Mousset_70,33,11,6,4,1,49,FALSE,4
Maarten_Stekelenburg_149,35,0,20,4,0,40,TRUE,4
Mahmoud Ahmed_Ibrahim Hassan_465,34,53,7,4,-2,54,FALSE,4
Mamadou_Sakho_125,34,11,2,4,1,50,TRUE,4
Manuel_Lanzini_391,40,90,14,4,3,65,TRUE,4
Marcos_Alonso_103,33,0,15,4,0,63,TRUE,4
Marcos_Rojo_227,39,0,16,4,0,49,FALSE,4
Marco_Stiepermann_285,40,76,19,4,2,55,FALSE,4
Marcus_Rashford_233,39,90,16,4,2,86,FALSE,4
Marc_Albrighton_174,36,63,3,4,1,54,TRUE,4
Marc_Navarro_360,38,0,13,4,0,40,FALSE,4
Mario_Lemina_324,39,0,12,4,0,49,TRUE,4
Mario_Vrancic_282,40,0,19,4,0,63,FALSE,4
Marko_Arnautovic_385,40,0,14,4,0,70,TRUE,4
Mark_Duffy_300,33,0,6,4,0,54,FALSE,4
Mark_Noble_396,40,84,14,4,3,50,TRUE,4
Mark_Travers_74,36,0,9,4,0,44,FALSE,4
Martin_Dubravka_262,38,90,18,4,3,50,TRUE,4
Martin_Kelly_128,34,78,2,4,6,41,TRUE,4
Mart√≠n_Montoya_38,37,90,11,4,0,45,FALSE,4
Marvelous_Nakamba_491,34,0,7,4,0,45,FALSE,4
Mason_Greenwood_234,39,8,16,4,1,45,FALSE,4
Mason_Holgate_478,35,0,20,4,0,45,TRUE,4
Mason_Mount_463,33,90,15,4,2,63,TRUE,4
Matej_Vydra_92,32,0,10,4,0,54,TRUE,4
Mateo_Kovacic_432,33,82,15,4,2,55,TRUE,4
Mathew_Ryan_47,37,90,11,4,0,46,FALSE,4
Matteo_Darmian_230,39,0,16,4,0,49,FALSE,4
Matteo_Guendouzi_21,31,90,17,4,7,45,TRUE,4
Matthew_Clarke_43,37,0,11,4,0,44,FALSE,4
Matthew_Lowton_85,32,90,10,4,1,45,TRUE,4
Matty_James_177,36,0,3,4,0,45,TRUE,4
Matt_Doherty_401,35,0,8,4,0,60,FALSE,4
Matt_Ritchie_251,38,0,18,4,0,55,TRUE,4
Matt_Targett_309,34,0,7,4,0,44,FALSE,4
Maximillian_Aarons_274,40,90,19,4,0,45,FALSE,4
Max_Kilman_408,35,0,8,4,0,40,FALSE,4
Max_Meyer_136,34,0,2,4,0,54,TRUE,4
Maya_Yoshida_310,39,13,12,4,1,45,TRUE,4
Mesut_√ñzil_15,31,0,17,4,0,73,TRUE,4
Michael_Keane_143,35,90,20,4,1,55,TRUE,4
Michael_McGovern_281,40,0,19,4,0,40,FALSE,4
Michael_Obafemi_314,39,0,12,4,0,50,TRUE,4
Michael_Verrips_521,33,0,6,4,0,45,FALSE,4
Michail_Antonio_389,40,0,14,4,0,70,TRUE,4
Michy_Batshuayi_461,33,7,15,4,1,67,TRUE,4
Miguel_Almir√≥n_266,38,90,18,4,2,60,TRUE,4
Mohamed_Elneny_20,31,0,17,4,0,44,TRUE,4
Mohamed_Elyounoussi_322,39,0,12,4,0,54,TRUE,4
Mohamed_Salah_191,32,90,5,4,6,125,FALSE,4
Moise_Kean_496,35,75,20,4,5,68,TRUE,4
Morgan_Gibbs-White_416,35,0,8,4,0,49,FALSE,4
Morgan_Schneiderlin_158,35,0,20,4,0,45,TRUE,4
Moritz_Leitner_288,40,90,19,4,2,45,FALSE,4
Moussa_Djenepo_438,39,0,12,4,0,54,TRUE,4
Moussa_Sissoko_349,31,90,1,4,2,50,FALSE,4
Muhamed_Be≈°iƒá_522,33,0,6,4,0,45,FALSE,4
N'Golo_Kant√©_119,33,0,15,4,0,50,TRUE,4
Naby_Keita_196,32,0,5,4,0,59,FALSE,4
Nacho_Monreal_6,31,0,17,4,0,50,TRUE,4
Nampalys_Mendy_179,36,0,3,4,0,45,TRUE,4
Nathaniel_Chalobah_374,38,19,13,4,1,45,FALSE,4
Nathan_Ak√©_59,36,90,9,4,1,49,FALSE,4
Nathan_Redmond_320,39,0,12,4,0,64,TRUE,4
Neal_Maupay_502,37,66,11,4,2,60,FALSE,4
Neil_Taylor_24,34,90,7,4,1,45,FALSE,4
Nemanja_Matic_247,39,22,16,4,1,49,FALSE,4
Nick_Pope_93,32,90,10,4,2,45,TRUE,4
Nicolas_P√©p√©_488,31,90,17,4,5,94,TRUE,4
Nicol√°s_Otamendi_208,37,90,4,4,6,54,TRUE,4
Oleksandr_Zinchenko_206,37,90,4,4,6,55,TRUE,4
Oliver_McBurnie_501,33,62,6,4,1,59,FALSE,4
Oliver_Norwood_302,33,90,6,4,2,50,FALSE,4
Oliver_Skipp_352,31,0,1,4,0,45,FALSE,4
Olivier_Giroud_110,33,0,15,4,0,69,TRUE,4
Onel_Hern√°ndez_284,40,0,19,4,0,54,FALSE,4
Oriol_Romeu Vidal_328,39,90,12,4,2,45,TRUE,4
Pablo_Fornals_399,40,2,14,4,1,63,TRUE,4
Pablo_Zabaleta_379,40,0,14,4,0,44,TRUE,4
Pascal_Gro√ü_49,37,16,11,4,1,65,FALSE,4
Patrick_Cutrone_487,35,67,8,4,2,58,FALSE,4
Patrick_Roberts_435,40,0,19,4,0,54,FALSE,4
Patrick_van Aanholt_123,34,90,2,4,6,55,TRUE,4
Paulo_Gazzaniga_341,31,0,1,4,0,45,FALSE,4
Paul_Dummett_255,38,90,18,4,1,45,TRUE,4
Paul_Pogba_238,39,90,16,4,2,86,FALSE,4
Pedro_Lomba Neto_528,35,6,8,4,0,50,FALSE,4
Pedro_Obiang_400,40,0,14,4,0,45,TRUE,4
Pedro_Rodr√≠guez Ledesma_114,33,0,15,4,0,70,TRUE,4
Philip_Billing_476,36,90,9,4,1,50,FALSE,4
Philip_Heise_484,40,0,19,4,0,40,FALSE,4
Phil_Bardsley_86,32,0,10,4,0,45,TRUE,4
Phil_Foden_220,37,0,4,4,0,54,TRUE,4
Phil_Jagielka_444,33,0,6,4,0,44,FALSE,4
Phil_Jones_231,39,0,16,4,0,49,FALSE,4
Pierre-Emerick_Aubameyang_11,31,90,17,4,9,110,TRUE,4
Pierre-Emile_H√∏jbjerg_325,39,90,12,4,2,49,TRUE,4
Pontus_Dahlberg_367,38,0,13,4,0,45,FALSE,4
Rachid_Ghezzal_173,36,0,3,4,0,54,TRUE,4
Rafael_Camacho_201,32,0,5,4,0,45,FALSE,4
Raheem_Sterling_214,37,90,4,4,3,123,TRUE,4
Ralf_Fahrmann_449,40,0,19,4,0,44,FALSE,4
Ravel_Morrison_456,33,0,6,4,0,49,FALSE,4
Ra√∫l_Jim√©nez_409,35,90,8,4,5,74,FALSE,4
Reece_James_506,33,0,15,4,0,50,TRUE,4
Reiss_Nelson_489,31,0,17,4,0,55,TRUE,4
Rhian_Brewster_464,32,0,5,4,0,45,FALSE,4
Ricardo Domingos_Barbosa Pereira_159,36,90,3,4,2,60,TRUE,4
Richard_Stearman_296,33,0,6,4,0,40,FALSE,4
Richarlison_de Andrade_150,35,90,20,4,15,79,TRUE,4
Riyad_Mahrez_217,37,90,4,4,3,85,TRUE,4
Robbie_Brady_98,32,0,10,4,0,55,TRUE,4
Robert Kenedy_Nunes do Nascimento_462,33,0,15,4,0,54,TRUE,4
Roberto_Firmino_187,32,84,5,4,12,95,FALSE,4
Roberto_Jimenez Gago_450,40,0,14,4,0,45,TRUE,4
Roberto_Pereyra_369,38,90,13,4,2,59,FALSE,4
Robert_Snodgrass_393,40,19,14,4,0,54,TRUE,4
Rob_Holding_10,31,0,17,4,0,45,TRUE,4
Rodrigo_Hernandez_443,37,90,4,4,3,55,TRUE,4
Rolando_Aarons_499,38,0,18,4,0,50,TRUE,4
Romain_Sa√Øss_407,35,58,8,4,6,44,FALSE,4
Romelu_Lukaku_232,39,0,16,4,0,85,FALSE,4
Ross_Barkley_117,33,59,15,4,1,58,TRUE,4
Ruben_Loftus-Cheek_115,33,0,15,4,0,64,TRUE,4
Rui Pedro_dos Santos Patr√≠cio_411,35,90,8,4,2,50,FALSE,4
Ryan_Bennett_404,35,90,8,4,0,50,FALSE,4
Ryan_Bertrand_305,39,0,12,4,0,50,TRUE,4
Ryan_Fraser_75,36,90,9,4,6,73,FALSE,4
Ryan_Fredericks_380,40,90,14,4,5,45,TRUE,4
Ryan_Sessegnon_524,31,0,1,4,0,54,FALSE,4
R√∫ben Diogo_da Silva Neves_414,35,83,8,4,2,55,FALSE,4
R√∫ben Gon√ßalo_Silva Nascimento Vinagre_406,35,90,8,4,0,44,FALSE,4
Sadio_Man√©_192,32,84,5,4,8,115,FALSE,4
Sam_Byram_454,40,0,19,4,0,45,FALSE,4
Sam_Gallagher_316,39,0,12,4,0,45,TRUE,4
Sam_Surridge_71,36,0,9,4,0,44,FALSE,4
Scott_Dann_127,34,0,2,4,0,45,TRUE,4
Scott_McTominay_248,39,81,16,4,8,50,FALSE,4
Sead_Kolasinac_3,31,90,17,4,1,54,TRUE,4
Seamus_Coleman_144,35,90,20,4,1,55,TRUE,4
Sean_Longstaff_270,38,90,18,4,2,50,TRUE,4
Sebastian_Pr√∂dl_361,38,0,13,4,0,40,FALSE,4
Serge_Aurier_336,31,0,1,4,0,49,FALSE,4
Sergio_Ag√ºero_210,37,90,4,4,16,120,TRUE,4
Sergio_Romero_236,39,0,16,4,0,49,FALSE,4
Shane_Duffy_37,37,0,11,4,0,50,FALSE,4
Shane_Long_315,39,28,12,4,1,49,TRUE,4
Shkodran_Mustafi_1,31,0,17,4,0,54,TRUE,4
Simon_Francis_62,36,0,9,4,0,45,FALSE,4
Simon_Mignolet_190,32,0,5,4,0,45,FALSE,4
Simon_Moore_436,33,0,6,4,0,45,FALSE,4
Sofiane_Boufal_508,39,70,12,4,2,55,TRUE,4
Sokratis_Papastathopoulos_5,31,90,17,4,0,50,TRUE,4
Solomon_March_55,37,90,11,4,2,50,FALSE,4
Steven_Defour_99,32,0,10,4,0,55,TRUE,4
Steve_Cook_58,36,90,9,4,1,50,FALSE,4
Stuart_Armstrong_323,39,19,12,4,0,54,TRUE,4
Sung-yueng_Ki_268,38,0,18,4,0,49,TRUE,4
S√©bastien_Haller_457,40,90,14,4,8,74,TRUE,4
Tahith_Chong_249,39,0,16,4,0,44,FALSE,4
Tammy_Abraham_460,33,83,15,4,13,71,TRUE,4
Tanguy_Ndombele_442,31,0,1,4,0,60,FALSE,4
Teemu_Pukki_278,40,90,19,4,2,70,FALSE,4
Theo_Walcott_153,35,0,20,4,0,64,TRUE,4
Timm_Klose_272,40,0,19,4,0,45,FALSE,4
Tim_Krul_280,40,90,19,4,2,45,FALSE,4
Toby_Alderweireld_331,31,90,1,4,1,55,FALSE,4
Todd_Cantwell_287,40,77,19,4,2,47,FALSE,4
Tom_Cleverley_371,38,90,13,4,2,49,FALSE,4
Tom_Davies_154,35,0,20,4,0,54,TRUE,4
Tom_Heaton_94,34,90,7,4,3,45,FALSE,4
Tom_Trybull_290,40,90,19,4,2,45,FALSE,4
Trent_Alexander-Arnold_182,32,90,5,4,11,70,FALSE,4
Troy_Deeney_362,38,0,13,4,0,63,FALSE,4
Troy_Parrott_509,31,0,1,4,0,45,FALSE,4
Tyreke_Johnson_326,39,0,12,4,0,45,TRUE,4
Tyrone_Mings_445,34,90,7,4,2,45,FALSE,4
Vicente_Guaita_131,34,90,2,4,6,50,TRUE,4
Victor_Lindel√∂f_225,39,90,16,4,2,55,FALSE,4
Victor_Wanyama_348,31,0,1,4,0,50,FALSE,4
Vincent_Janssen_339,31,0,1,4,0,45,FALSE,4
Virgil_van Dijk_183,32,90,5,4,7,65,FALSE,4
V√≠ctor_Camarasa_510,34,0,2,4,0,49,TRUE,4
Wayne_Hennessey_132,34,0,2,4,0,44,TRUE,4
Wesley_Hoedt_485,39,0,12,4,0,44,TRUE,4
Wesley_Moraes_428,34,84,7,4,2,60,FALSE,4
Wes_Morgan_165,36,0,3,4,0,44,TRUE,4
Wilfred_Ndidi_176,36,90,3,4,2,50,TRUE,4
Wilfried_Zaha_133,34,90,2,4,3,69,TRUE,4
Willian_Borges Da Silva_113,33,30,15,4,1,70,TRUE,4
Willy_Boly_405,35,90,8,4,1,50,FALSE,4
Willy_Caballero_112,33,0,15,4,0,49,TRUE,4
Will_Hughes_370,38,70,13,4,10,55,FALSE,4
Will_Norris_413,35,0,8,4,0,40,FALSE,4
Winston_Reid_383,40,0,14,4,0,40,TRUE,4
Xherdan_Shaqiri_194,32,5,5,4,1,64,FALSE,4
Yan_Valery_306,39,0,12,4,0,50,TRUE,4
Yerry_Mina_142,35,90,20,4,1,56,TRUE,4
Yoshinori_Muto_260,38,8,18,4,1,54,TRUE,4
Youri_Tielemans_448,36,90,3,4,12,64,TRUE,4
Yves_Bissouma_53,37,0,11,4,0,50,FALSE,4
√áaglar_S√∂y√ºnc√º_164,36,90,3,4,2,45,TRUE,4
√òrjan_Nyland_27,34,0,7,4,0,45,FALSE,4